player_id,region,date,champion,level,team,result,match_length_mins,kill,death,assist,kda_ratio,kill_participation,laning,cs,cs_per_min,avg_tier,teammates1,team_champ1,teammates2,team_champ2,teammates3,team_champ3,teammates4,team_champ4,oppmates1,opp_champ1,oppmates2,opp_champ2,oppmates3,opp_champ3,oppmates4,opp_champ4,oppmates5,opp_champ5,region_profile,total_games,wins,losses,win_rate,avg_kills,avg_deaths,avg_assists,kda_ratio_profile,kill_participation_profile,most_champ_1,WR_1,W_1,L_1,KDA_1,most_champ_2,WR_2,W_2,L_2,KDA_2,most_champ_3,WR_3,W_3,L_3,KDA_3,TOP,JUNGLE,MID,ADC,SUPPORT,most_role_1,most_role_2,most_role_1_value,most_role_2_value,season_champ_1,cs_ssn_1,cpm_ssn_1,kda_ssn_1,k_ssn_1,d_ssn_1,a_ssn_1,wr_ssn_1,games_ssn_1,season_champ_2,cs_ssn_2,cpm_ssn_2,kda_ssn_2,k_ssn_2,d_ssn_2,a_ssn_2,wr_ssn_2,games_ssn_2,season_champ_3,cs_ssn_3,cpm_ssn_3,kda_ssn_3,k_ssn_3,d_ssn_3,a_ssn_3,wr_ssn_3,games_ssn_3,season_champ_4,cs_ssn_4,cpm_ssn_4,kda_ssn_4,k_ssn_4,d_ssn_4,a_ssn_4,wr_ssn_4,games_ssn_4,season_champ_5,cs_ssn_5,cpm_ssn_5,kda_ssn_5,k_ssn_5,d_ssn_5,a_ssn_5,wr_ssn_5,games_ssn_5,season_champ_6,cs_ssn_6,cpm_ssn_6,kda_ssn_6,k_ssn_6,d_ssn_6,a_ssn_6,wr_ssn_6,games_ssn_6,season_champ_7,cs_ssn_7,cpm_ssn_7,kda_ssn_7,k_ssn_7,d_ssn_7,a_ssn_7,wr_ssn_7,games_ssn_7,7d_champ_1,7d_total_1,7d_W_1,7d_L_1,7d_WR_1,7d_champ_2,7d_total_2,7d_W_2,7d_L_2,7d_WR_2,7d_champ_3,7d_total_3,7d_W_3,7d_L_3,7d_WR_3,mastery_champ_1,m_lv_1,mastery_champ_2,m_lv_2,mastery_champ_3,m_lv_3,mastery_champ_4,m_lv_4,mastery_champ_5,m_lv_5,mastery_champ_6,m_lv_6,mastery_champ_7,m_lv_7,mastery_champ_8,m_lv_8,mastery_champ_9,m_lv_9,mastery_champ_10,m_lv_10,mastery_champ_11,m_lv_11,mastery_champ_12,m_lv_12,mastery_champ_13,m_lv_13,mastery_champ_14,m_lv_14,mastery_champ_15,m_lv_15,mastery_champ_16,m_lv_16
Agurin #EUW,euw,"Sat, Jan 11, 2025 3:46 AM",Jarvan IV,15,red,0,29.23,3,6,7,1.67,0.5,0.79,177,6.1,4,RaiderGO #2004,Darius,styropianzserem #EUW,Zed,Le produit #003,Brand,Humble Senna #EUW,Vel'Koz,Frieren sama #7596,Ahri,DHVSDHVSDHVSDHVS #321,Lee Sin,ILIJA 2 2 2 #2 2 2,K'Sante,Keduii #GOAT,Corki,MagiFeIiix #EUW,Nautilus,euw,20,11,9,0.55,6.9,4.3,8.1,3.49,0.56,Elise,0.44,4,5,3.39,Jarvan IV,0.6,3,2,5.38,Wukong,0.75,3,1,3.07,0.05,0.95,0.0,0.0,0.0,JUNGLE,TOP,0.95,0.05,Wukong,191.6,7.5,2.29,6.0,4.7,4.8,0.64,11,Elise,233.1,7.7,3.52,8.0,4.2,6.8,0.5,10,Jarvan IV,207.4,7.3,5.38,5.8,3.2,11.4,0.6,5,Karma,163.5,6.5,3,2.0,4.0,10.0,1.0,2,Kha'Zix,244,7,1.38,3.0,8.0,8.0,0.0,1,,0,0,0,0,0,0,0.0,0,,0,0,0,0,0,0,0.0,0,Wukong,26.0,16.0,10.0,0.62,Elise,15.0,9.0,6.0,0.6,Jarvan IV,7.0,5.0,2.0,0.71,Elise,172,Kha'Zix,162,Jarvan IV,132,Shyvana,51,Nocturne,46,Evelynn,40,Wukong,30,Ezreal,25,Brand,25,Karma,16,Diana,16,Gragas,13,Zyra,12,Neeko,12,Ahri,10,,0
Agurin #EUW,euw,"Sat, Jan 11, 2025 3:04 AM",Elise,18,blue,0,40.88,8,6,12,3.33,0.67,0.61,279,6.8,4,RaiderGO #2004,Camille,Matt Hazeres #loseq,Orianna,Alex Eubank #ONTOP,Corki,Qlona #Karol,Bard,Top Steve #000,Illaoi,mikusikzz 最好的 #rain,Viego,Mandaryñ #EUW,Viktor,Keduii #GOAT,Ezreal,MagiFeIiix #EUW,Nautilus,euw,20,11,9,0.55,6.9,4.3,8.1,3.49,0.56,Elise,0.44,4,5,3.39,Jarvan IV,0.6,3,2,5.38,Wukong,0.75,3,1,3.07,0.05,0.95,0.0,0.0,0.0,JUNGLE,TOP,0.95,0.05,Wukong,191.6,7.5,2.29,6.0,4.7,4.8,0.64,11,Elise,233.1,7.7,3.52,8.0,4.2,6.8,0.5,10,Jarvan IV,207.4,7.3,5.38,5.8,3.2,11.4,0.6,5,Karma,163.5,6.5,3,2.0,4.0,10.0,1.0,2,Kha'Zix,244,7,1.38,3.0,8.0,8.0,0.0,1,,0,0,0,0,0,0,0.0,0,,0,0,0,0,0,0,0.0,0,Wukong,26.0,16.0,10.0,0.62,Elise,15.0,9.0,6.0,0.6,Jarvan IV,7.0,5.0,2.0,0.71,Elise,172,Kha'Zix,162,Jarvan IV,132,Shyvana,51,Nocturne,46,Evelynn,40,Wukong,30,Ezreal,25,Brand,25,Karma,16,Diana,16,Gragas,13,Zyra,12,Neeko,12,Ahri,10,,0
Agurin #EUW,euw,"Sat, Jan 11, 2025 2:13 AM",Wukong,14,blue,1,21.08,4,2,2,3.00,0.25,0.49,165,7.8,4,RaiderGO #2004,Camille,gangwayy #ZUKA,Malzahar,PHX HolyPhoenix #PHX,Kalista,OrgrimDoomhammer #L0L,Rell,19helforca03 #EUW,Renekton,mikusikzz 最好的 #rain,Viego,mwo #ΕUW,Ryze,Mandaryñ #EUW,Varus,Qlona #Karol,Bard,euw,20,11,9,0.55,6.9,4.3,8.1,3.49,0.56,Elise,0.44,4,5,3.39,Jarvan IV,0.6,3,2,5.38,Wukong,0.75,3,1,3.07,0.05,0.95,0.0,0.0,0.0,JUNGLE,TOP,0.95,0.05,Wukong,191.6,7.5,2.29,6.0,4.7,4.8,0.64,11,Elise,233.1,7.7,3.52,8.0,4.2,6.8,0.5,10,Jarvan IV,207.4,7.3,5.38,5.8,3.2,11.4,0.6,5,Karma,163.5,6.5,3,2.0,4.0,10.0,1.0,2,Kha'Zix,244,7,1.38,3.0,8.0,8.0,0.0,1,,0,0,0,0,0,0,0.0,0,,0,0,0,0,0,0,0.0,0,Wukong,26.0,16.0,10.0,0.62,Elise,15.0,9.0,6.0,0.6,Jarvan IV,7.0,5.0,2.0,0.71,Elise,172,Kha'Zix,162,Jarvan IV,132,Shyvana,51,Nocturne,46,Evelynn,40,Wukong,30,Ezreal,25,Brand,25,Karma,16,Diana,16,Gragas,13,Zyra,12,Neeko,12,Ahri,10,,0
Agurin #EUW,euw,"Sat, Jan 11, 2025 1:38 AM",Elise,13,blue,1,20.35,5,2,4,4.50,0.47,1.27,173,8.5,4,RaiderGO #2004,Camille,Prominence #1414,Ryze,Mandaryñ #EUW,Kalista,meteion #777,Braum,McLightning6969 #BOMBA,Fiora,majd #999,Lee Sin,Natharii #EUW,Vex,Alex Eubank #ONTOP,Draven,Smifi #EUW,Zilean,euw,20,11,9,0.55,6.9,4.3,8.1,3.49,0.56,Elise,0.44,4,5,3.39,Jarvan IV,0.6,3,2,5.38,Wukong,0.75,3,1,3.07,0.05,0.95,0.0,0.0,0.0,JUNGLE,TOP,0.95,0.05,Wukong,191.6,7.5,2.29,6.0,4.7,4.8,0.64,11,Elise,233.1,7.7,3.52,8.0,4.2,6.8,0.5,10,Jarvan IV,207.4,7.3,5.38,5.8,3.2,11.4,0.6,5,Karma,163.5,6.5,3,2.0,4.0,10.0,1.0,2,Kha'Zix,244,7,1.38,3.0,8.0,8.0,0.0,1,,0,0,0,0,0,0,0.0,0,,0,0,0,0,0,0,0.0,0,Wukong,26.0,16.0,10.0,0.62,Elise,15.0,9.0,6.0,0.6,Jarvan IV,7.0,5.0,2.0,0.71,Elise,172,Kha'Zix,162,Jarvan IV,132,Shyvana,51,Nocturne,46,Evelynn,40,Wukong,30,Ezreal,25,Brand,25,Karma,16,Diana,16,Gragas,13,Zyra,12,Neeko,12,Ahri,10,,0
Agurin #EUW,euw,"Sat, Jan 11, 2025 1:06 AM",Jarvan IV,13,blue,1,20.58,3,2,11,7.00,0.67,1.33,164,8.0,4,RaiderGO #2004,Camille,Spartacus #Sura,Yasuo,Crixus #ARENA,Seraphine,eskii #6463,Janna,Sertuss #2312,Akali,AllYouHadToDoWas #Stay,Karthus,RYUVEN 狠心 #影子君主,Akshan,15 02 2022 #EUW,Corki,Smifi #EUW,Rell,euw,20,11,9,0.55,6.9,4.3,8.1,3.49,0.56,Elise,0.44,4,5,3.39,Jarvan IV,0.6,3,2,5.38,Wukong,0.75,3,1,3.07,0.05,0.95,0.0,0.0,0.0,JUNGLE,TOP,0.95,0.05,Wukong,191.6,7.5,2.29,6.0,4.7,4.8,0.64,11,Elise,233.1,7.7,3.52,8.0,4.2,6.8,0.5,10,Jarvan IV,207.4,7.3,5.38,5.8,3.2,11.4,0.6,5,Karma,163.5,6.5,3,2.0,4.0,10.0,1.0,2,Kha'Zix,244,7,1.38,3.0,8.0,8.0,0.0,1,,0,0,0,0,0,0,0.0,0,,0,0,0,0,0,0,0.0,0,Wukong,26.0,16.0,10.0,0.62,Elise,15.0,9.0,6.0,0.6,Jarvan IV,7.0,5.0,2.0,0.71,Elise,172,Kha'Zix,162,Jarvan IV,132,Shyvana,51,Nocturne,46,Evelynn,40,Wukong,30,Ezreal,25,Brand,25,Karma,16,Diana,16,Gragas,13,Zyra,12,Neeko,12,Ahri,10,,0
Agurin #EUW,euw,"Sat, Jan 11, 2025 12:16 AM",Elise,18,red,0,34.85,13,6,8,3.50,0.49,0.85,267,7.7,4,Zest #D P,Vayne,nickname ptaku #xpp,Qiyana,batubabaHOPPALA #HOPPA,Varus,MagiFeIiix #EUW,Alistar,Shourdy #EUW,Sett,TWTV DETDERT #12MAJ,Diana,João #EUW,Garen,J1HUIV #000,Kalista,Targamas #5555,Rell,euw,20,11,9,0.55,6.9,4.3,8.1,3.49,0.56,Elise,0.44,4,5,3.39,Jarvan IV,0.6,3,2,5.38,Wukong,0.75,3,1,3.07,0.05,0.95,0.0,0.0,0.0,JUNGLE,TOP,0.95,0.05,Wukong,191.6,7.5,2.29,6.0,4.7,4.8,0.64,11,Elise,233.1,7.7,3.52,8.0,4.2,6.8,0.5,10,Jarvan IV,207.4,7.3,5.38,5.8,3.2,11.4,0.6,5,Karma,163.5,6.5,3,2.0,4.0,10.0,1.0,2,Kha'Zix,244,7,1.38,3.0,8.0,8.0,0.0,1,,0,0,0,0,0,0,0.0,0,,0,0,0,0,0,0,0.0,0,Wukong,26.0,16.0,10.0,0.62,Elise,15.0,9.0,6.0,0.6,Jarvan IV,7.0,5.0,2.0,0.71,Elise,172,Kha'Zix,162,Jarvan IV,132,Shyvana,51,Nocturne,46,Evelynn,40,Wukong,30,Ezreal,25,Brand,25,Karma,16,Diana,16,Gragas,13,Zyra,12,Neeko,12,Ahri,10,,0
Agurin #EUW,euw,"Fri, Jan 10, 2025 11:29 PM",Elise,17,blue,1,26.62,16,2,5,10.50,0.62,2.7,224,8.4,4,TTV XanMiralupa #Tacos,Irelia,Waste A Moment #EUW,Tristana,이주한 #2001,Ashe,100 Quid #0427,Braum,Drututt #EUW,K'Sante,MagiFeIiix #EUW,Jarvan IV,Imma touch you #131,Taliyah,SOGEKING #EUW11,Varus,КОМПОТ #ЯГОДА,Nautilus,euw,20,11,9,0.55,6.9,4.3,8.1,3.49,0.56,Elise,0.44,4,5,3.39,Jarvan IV,0.6,3,2,5.38,Wukong,0.75,3,1,3.07,0.05,0.95,0.0,0.0,0.0,JUNGLE,TOP,0.95,0.05,Wukong,191.6,7.5,2.29,6.0,4.7,4.8,0.64,11,Elise,233.1,7.7,3.52,8.0,4.2,6.8,0.5,10,Jarvan IV,207.4,7.3,5.38,5.8,3.2,11.4,0.6,5,Karma,163.5,6.5,3,2.0,4.0,10.0,1.0,2,Kha'Zix,244,7,1.38,3.0,8.0,8.0,0.0,1,,0,0,0,0,0,0,0.0,0,,0,0,0,0,0,0,0.0,0,Wukong,26.0,16.0,10.0,0.62,Elise,15.0,9.0,6.0,0.6,Jarvan IV,7.0,5.0,2.0,0.71,Elise,172,Kha'Zix,162,Jarvan IV,132,Shyvana,51,Nocturne,46,Evelynn,40,Wukong,30,Ezreal,25,Brand,25,Karma,16,Diana,16,Gragas,13,Zyra,12,Neeko,12,Ahri,10,,0
Agurin #EUW,euw,"Fri, Jan 10, 2025 10:53 PM",Elise,17,blue,0,34.55,4,4,6,2.50,0.42,1.0,247,7.1,4,Drututt #EUW,Corki,Imma touch you #131,Hwei,G2 Hans Sama #12838,Miss Fortune,G2 Labrov #8085,Alistar,stardewvalley67 #EUW,Gragas,NattyNatt #2005,Skarner,RaiderGO #2004,Veigar,ANDARIEL #1411,Varus,ALBANIAN #iLevi,Rell,euw,20,11,9,0.55,6.9,4.3,8.1,3.49,0.56,Elise,0.44,4,5,3.39,Jarvan IV,0.6,3,2,5.38,Wukong,0.75,3,1,3.07,0.05,0.95,0.0,0.0,0.0,JUNGLE,TOP,0.95,0.05,Wukong,191.6,7.5,2.29,6.0,4.7,4.8,0.64,11,Elise,233.1,7.7,3.52,8.0,4.2,6.8,0.5,10,Jarvan IV,207.4,7.3,5.38,5.8,3.2,11.4,0.6,5,Karma,163.5,6.5,3,2.0,4.0,10.0,1.0,2,Kha'Zix,244,7,1.38,3.0,8.0,8.0,0.0,1,,0,0,0,0,0,0,0.0,0,,0,0,0,0,0,0,0.0,0,Wukong,26.0,16.0,10.0,0.62,Elise,15.0,9.0,6.0,0.6,Jarvan IV,7.0,5.0,2.0,0.71,Elise,172,Kha'Zix,162,Jarvan IV,132,Shyvana,51,Nocturne,46,Evelynn,40,Wukong,30,Ezreal,25,Brand,25,Karma,16,Diana,16,Gragas,13,Zyra,12,Neeko,12,Ahri,10,,0
Agurin #EUW,euw,"Fri, Jan 10, 2025 10:09 PM",Jarvan IV,15,red,1,23.6,10,1,6,16.00,0.84,1.0,182,7.7,4,Drututt #EUW,Vayne,Imma touch you #131,Taliyah,G2 Hans Sama #12838,Ezreal,G2 Labrov #8085,Leona,RaiderGO #2004,Fiora,NattyNatt #2005,Karthus,TTV XanMiralupa #Tacos,Irelia,3XA #ERA,Kai'Sa,Cola #4463,Rell,euw,20,11,9,0.55,6.9,4.3,8.1,3.49,0.56,Elise,0.44,4,5,3.39,Jarvan IV,0.6,3,2,5.38,Wukong,0.75,3,1,3.07,0.05,0.95,0.0,0.0,0.0,JUNGLE,TOP,0.95,0.05,Wukong,191.6,7.5,2.29,6.0,4.7,4.8,0.64,11,Elise,233.1,7.7,3.52,8.0,4.2,6.8,0.5,10,Jarvan IV,207.4,7.3,5.38,5.8,3.2,11.4,0.6,5,Karma,163.5,6.5,3,2.0,4.0,10.0,1.0,2,Kha'Zix,244,7,1.38,3.0,8.0,8.0,0.0,1,,0,0,0,0,0,0,0.0,0,,0,0,0,0,0,0,0.0,0,Wukong,26.0,16.0,10.0,0.62,Elise,15.0,9.0,6.0,0.6,Jarvan IV,7.0,5.0,2.0,0.71,Elise,172,Kha'Zix,162,Jarvan IV,132,Shyvana,51,Nocturne,46,Evelynn,40,Wukong,30,Ezreal,25,Brand,25,Karma,16,Diana,16,Gragas,13,Zyra,12,Neeko,12,Ahri,10,,0
Agurin #EUW,euw,"Fri, Jan 10, 2025 9:38 PM",Wukong,18,blue,1,30.07,14,5,13,5.40,0.68,2.12,235,7.8,4,Drututt #EUW,Akshan,Imma touch you #131,Taliyah,Yen is my Wife #EUW,Zeri,Calme et Focus #EUW,Alistar,choilot #LOT,Gnar,Scripter1v9 #BACK,Elise,Unicow #EUW,Azir,Noah7 #3977,Corki,Desmond Benjamin #nudli,Poppy,euw,20,11,9,0.55,6.9,4.3,8.1,3.49,0.56,Elise,0.44,4,5,3.39,Jarvan IV,0.6,3,2,5.38,Wukong,0.75,3,1,3.07,0.05,0.95,0.0,0.0,0.0,JUNGLE,TOP,0.95,0.05,Wukong,191.6,7.5,2.29,6.0,4.7,4.8,0.64,11,Elise,233.1,7.7,3.52,8.0,4.2,6.8,0.5,10,Jarvan IV,207.4,7.3,5.38,5.8,3.2,11.4,0.6,5,Karma,163.5,6.5,3,2.0,4.0,10.0,1.0,2,Kha'Zix,244,7,1.38,3.0,8.0,8.0,0.0,1,,0,0,0,0,0,0,0.0,0,,0,0,0,0,0,0,0.0,0,Wukong,26.0,16.0,10.0,0.62,Elise,15.0,9.0,6.0,0.6,Jarvan IV,7.0,5.0,2.0,0.71,Elise,172,Kha'Zix,162,Jarvan IV,132,Shyvana,51,Nocturne,46,Evelynn,40,Wukong,30,Ezreal,25,Brand,25,Karma,16,Diana,16,Gragas,13,Zyra,12,Neeko,12,Ahri,10,,0
Agurin #EUW,euw,"Fri, Jan 10, 2025 8:58 PM",Wukong,14,blue,1,22.37,5,5,2,1.40,0.28,0.45,171,7.6,4,Six10 #euw2,Ambessa,smurfeee #OSRS,Rumble,Jopa1 #EUW,Nilah,Fleshy #111,Senna,BABO TOP #EUW,Gnar,BBL XnS #XnS,Karthus,raikooooo #EUW,Katarina,Yen is my Wife #EUW,Corki,Calme et Focus #EUW,Renata Glasc,euw,20,11,9,0.55,6.9,4.3,8.1,3.49,0.56,Elise,0.44,4,5,3.39,Jarvan IV,0.6,3,2,5.38,Wukong,0.75,3,1,3.07,0.05,0.95,0.0,0.0,0.0,JUNGLE,TOP,0.95,0.05,Wukong,191.6,7.5,2.29,6.0,4.7,4.8,0.64,11,Elise,233.1,7.7,3.52,8.0,4.2,6.8,0.5,10,Jarvan IV,207.4,7.3,5.38,5.8,3.2,11.4,0.6,5,Karma,163.5,6.5,3,2.0,4.0,10.0,1.0,2,Kha'Zix,244,7,1.38,3.0,8.0,8.0,0.0,1,,0,0,0,0,0,0,0.0,0,,0,0,0,0,0,0,0.0,0,Wukong,26.0,16.0,10.0,0.62,Elise,15.0,9.0,6.0,0.6,Jarvan IV,7.0,5.0,2.0,0.71,Elise,172,Kha'Zix,162,Jarvan IV,132,Shyvana,51,Nocturne,46,Evelynn,40,Wukong,30,Ezreal,25,Brand,25,Karma,16,Diana,16,Gragas,13,Zyra,12,Neeko,12,Ahri,10,,0
Agurin #EUW,euw,"Fri, Jan 10, 2025 8:19 PM",Karma,17,red,1,31.9,3,6,14,2.83,0.45,0.61,208,6.5,4,Dr Coconut #yiken,Xin Zhao,J1HUIV #000,Sylas,happy game #12321,Caitlyn,Thumbs Down #4847,Lux,Unkn0wn #EUW11,Gnar,Shift #kaipo,Vi,TheRoyalKanin #EUW,Ahri,Odi11 BOMBA 원자KR #APHE,Corki,twojstary2komary #win,Lulu,euw,20,11,9,0.55,6.9,4.3,8.1,3.49,0.56,Elise,0.44,4,5,3.39,Jarvan IV,0.6,3,2,5.38,Wukong,0.75,3,1,3.07,0.05,0.95,0.0,0.0,0.0,JUNGLE,TOP,0.95,0.05,Wukong,191.6,7.5,2.29,6.0,4.7,4.8,0.64,11,Elise,233.1,7.7,3.52,8.0,4.2,6.8,0.5,10,Jarvan IV,207.4,7.3,5.38,5.8,3.2,11.4,0.6,5,Karma,163.5,6.5,3,2.0,4.0,10.0,1.0,2,Kha'Zix,244,7,1.38,3.0,8.0,8.0,0.0,1,,0,0,0,0,0,0,0.0,0,,0,0,0,0,0,0,0.0,0,Wukong,26.0,16.0,10.0,0.62,Elise,15.0,9.0,6.0,0.6,Jarvan IV,7.0,5.0,2.0,0.71,Elise,172,Kha'Zix,162,Jarvan IV,132,Shyvana,51,Nocturne,46,Evelynn,40,Wukong,30,Ezreal,25,Brand,25,Karma,16,Diana,16,Gragas,13,Zyra,12,Neeko,12,Ahri,10,,0
Agurin #EUW,euw,"Fri, Jan 10, 2025 7:35 PM",Jarvan IV,17,red,1,29.0,7,3,15,7.33,0.58,0.92,226,7.8,4,Drututt #EUW,Camille,Hiori Yo #RWG,Hwei,Dashý #EUW,Yasuo,Azzapp #31415,Vel'Koz,KATLIAM #Kızıl,Olaf,メルエム #king,Nocturne,af5f2c86 ad75 435f b9f6 f48628a39934 #EUW,Nunu & Willump,youfallyougetup #SHC,Ezreal,MCK Click #EUW,Blitzcrank,euw,20,11,9,0.55,6.9,4.3,8.1,3.49,0.56,Elise,0.44,4,5,3.39,Jarvan IV,0.6,3,2,5.38,Wukong,0.75,3,1,3.07,0.05,0.95,0.0,0.0,0.0,JUNGLE,TOP,0.95,0.05,Wukong,191.6,7.5,2.29,6.0,4.7,4.8,0.64,11,Elise,233.1,7.7,3.52,8.0,4.2,6.8,0.5,10,Jarvan IV,207.4,7.3,5.38,5.8,3.2,11.4,0.6,5,Karma,163.5,6.5,3,2.0,4.0,10.0,1.0,2,Kha'Zix,244,7,1.38,3.0,8.0,8.0,0.0,1,,0,0,0,0,0,0,0.0,0,,0,0,0,0,0,0,0.0,0,Wukong,26.0,16.0,10.0,0.62,Elise,15.0,9.0,6.0,0.6,Jarvan IV,7.0,5.0,2.0,0.71,Elise,172,Kha'Zix,162,Jarvan IV,132,Shyvana,51,Nocturne,46,Evelynn,40,Wukong,30,Ezreal,25,Brand,25,Karma,16,Diana,16,Gragas,13,Zyra,12,Neeko,12,Ahri,10,,0
Agurin #EUW,euw,"Fri, Jan 10, 2025 3:05 AM",Elise,17,red,0,30.12,4,7,8,1.71,0.57,0.67,249,8.3,4,RaiderGO #2004,Camille,Toto The Totoro #Toffe,Aurora,regate #EUW3,Karthus,성진우 #789,Lee Sin,Top Steve #000,Illaoi,MANATY #LPLKR,Wukong,RKR #123,Viktor,Keduii #GOAT,Corki,Dekap #EUW,Senna,euw,20,11,9,0.55,6.9,4.3,8.1,3.49,0.56,Elise,0.44,4,5,3.39,Jarvan IV,0.6,3,2,5.38,Wukong,0.75,3,1,3.07,0.05,0.95,0.0,0.0,0.0,JUNGLE,TOP,0.95,0.05,Wukong,191.6,7.5,2.29,6.0,4.7,4.8,0.64,11,Elise,233.1,7.7,3.52,8.0,4.2,6.8,0.5,10,Jarvan IV,207.4,7.3,5.38,5.8,3.2,11.4,0.6,5,Karma,163.5,6.5,3,2.0,4.0,10.0,1.0,2,Kha'Zix,244,7,1.38,3.0,8.0,8.0,0.0,1,,0,0,0,0,0,0,0.0,0,,0,0,0,0,0,0,0.0,0,Wukong,26.0,16.0,10.0,0.62,Elise,15.0,9.0,6.0,0.6,Jarvan IV,7.0,5.0,2.0,0.71,Elise,172,Kha'Zix,162,Jarvan IV,132,Shyvana,51,Nocturne,46,Evelynn,40,Wukong,30,Ezreal,25,Brand,25,Karma,16,Diana,16,Gragas,13,Zyra,12,Neeko,12,Ahri,10,,0
Agurin #EUW,euw,"Fri, Jan 10, 2025 2:18 AM",Elise,15,red,0,28.63,8,4,3,2.75,0.55,1.44,208,7.3,4,RaiderGO #2004,Camille,casablanca #77777,Irelia,FlickeR #1337,Corki,Obstinatus #999,Leona,Top Steve #000,Illaoi,MANATY #LPLKR,Poppy,RKR #123,Viktor,Keduii #GOAT,Caitlyn,성진우 #789,Lee Sin,euw,20,11,9,0.55,6.9,4.3,8.1,3.49,0.56,Elise,0.44,4,5,3.39,Jarvan IV,0.6,3,2,5.38,Wukong,0.75,3,1,3.07,0.05,0.95,0.0,0.0,0.0,JUNGLE,TOP,0.95,0.05,Wukong,191.6,7.5,2.29,6.0,4.7,4.8,0.64,11,Elise,233.1,7.7,3.52,8.0,4.2,6.8,0.5,10,Jarvan IV,207.4,7.3,5.38,5.8,3.2,11.4,0.6,5,Karma,163.5,6.5,3,2.0,4.0,10.0,1.0,2,Kha'Zix,244,7,1.38,3.0,8.0,8.0,0.0,1,,0,0,0,0,0,0,0.0,0,,0,0,0,0,0,0,0.0,0,Wukong,26.0,16.0,10.0,0.62,Elise,15.0,9.0,6.0,0.6,Jarvan IV,7.0,5.0,2.0,0.71,Elise,172,Kha'Zix,162,Jarvan IV,132,Shyvana,51,Nocturne,46,Evelynn,40,Wukong,30,Ezreal,25,Brand,25,Karma,16,Diana,16,Gragas,13,Zyra,12,Neeko,12,Ahri,10,,0
Agurin #EUW,euw,"Fri, Jan 10, 2025 1:41 AM",Elise,18,red,1,35.83,8,4,6,3.50,0.64,0.67,279,7.8,4,RaiderGO #2004,Jax,RKR #123,LeBlanc,Keduii #GOAT,Caitlyn,성진우 #789,Janna,Po3s #Tilt,Riven,DHVSDHVSDHVSDHVS #321,Lee Sin,cherry blossom #mrzk,Sylas,Fiixing mistakes #EIW,Corki,erdt #EUW,Nautilus,euw,20,11,9,0.55,6.9,4.3,8.1,3.49,0.56,Elise,0.44,4,5,3.39,Jarvan IV,0.6,3,2,5.38,Wukong,0.75,3,1,3.07,0.05,0.95,0.0,0.0,0.0,JUNGLE,TOP,0.95,0.05,Wukong,191.6,7.5,2.29,6.0,4.7,4.8,0.64,11,Elise,233.1,7.7,3.52,8.0,4.2,6.8,0.5,10,Jarvan IV,207.4,7.3,5.38,5.8,3.2,11.4,0.6,5,Karma,163.5,6.5,3,2.0,4.0,10.0,1.0,2,Kha'Zix,244,7,1.38,3.0,8.0,8.0,0.0,1,,0,0,0,0,0,0,0.0,0,,0,0,0,0,0,0,0.0,0,Wukong,26.0,16.0,10.0,0.62,Elise,15.0,9.0,6.0,0.6,Jarvan IV,7.0,5.0,2.0,0.71,Elise,172,Kha'Zix,162,Jarvan IV,132,Shyvana,51,Nocturne,46,Evelynn,40,Wukong,30,Ezreal,25,Brand,25,Karma,16,Diana,16,Gragas,13,Zyra,12,Neeko,12,Ahri,10,,0
Agurin #EUW,euw,"Fri, Jan 10, 2025 12:44 AM",Elise,17,blue,1,29.62,10,6,11,3.50,0.72,1.38,211,7.1,4,ârschbert #EUW,Riven,KATEVO #EUW,Yone,yebit #haha,Ziggs,Biotic #123,Zilean,Arrax #ARX,K'Sante,Techoteco #EUW,Nocturne,LoveTheWayItHurt #333,Viktor,블루 마법사 #8090,Caitlyn,MagiFeIiix #EUW,Neeko,euw,20,11,9,0.55,6.9,4.3,8.1,3.49,0.56,Elise,0.44,4,5,3.39,Jarvan IV,0.6,3,2,5.38,Wukong,0.75,3,1,3.07,0.05,0.95,0.0,0.0,0.0,JUNGLE,TOP,0.95,0.05,Wukong,191.6,7.5,2.29,6.0,4.7,4.8,0.64,11,Elise,233.1,7.7,3.52,8.0,4.2,6.8,0.5,10,Jarvan IV,207.4,7.3,5.38,5.8,3.2,11.4,0.6,5,Karma,163.5,6.5,3,2.0,4.0,10.0,1.0,2,Kha'Zix,244,7,1.38,3.0,8.0,8.0,0.0,1,,0,0,0,0,0,0,0.0,0,,0,0,0,0,0,0,0.0,0,Wukong,26.0,16.0,10.0,0.62,Elise,15.0,9.0,6.0,0.6,Jarvan IV,7.0,5.0,2.0,0.71,Elise,172,Kha'Zix,162,Jarvan IV,132,Shyvana,51,Nocturne,46,Evelynn,40,Wukong,30,Ezreal,25,Brand,25,Karma,16,Diana,16,Gragas,13,Zyra,12,Neeko,12,Ahri,10,,0
Agurin #EUW,euw,"Fri, Jan 10, 2025 12:02 AM",Jarvan IV,18,blue,0,40.25,6,4,18,6.00,0.67,1.63,288,7.2,4,Ronaldo Nazário #12345,Gragas,KATEVO #EUW,Cassiopeia,edge of night #999,Corki,Biotic #123,Zilean,dastindynamite #EUW,Pantheon,NattyNatt #2005,Lee Sin,yebit #haha,Azir,G2 Hans Sama #12838,Ezreal,G2 Labrov #8085,Leona,euw,20,11,9,0.55,6.9,4.3,8.1,3.49,0.56,Elise,0.44,4,5,3.39,Jarvan IV,0.6,3,2,5.38,Wukong,0.75,3,1,3.07,0.05,0.95,0.0,0.0,0.0,JUNGLE,TOP,0.95,0.05,Wukong,191.6,7.5,2.29,6.0,4.7,4.8,0.64,11,Elise,233.1,7.7,3.52,8.0,4.2,6.8,0.5,10,Jarvan IV,207.4,7.3,5.38,5.8,3.2,11.4,0.6,5,Karma,163.5,6.5,3,2.0,4.0,10.0,1.0,2,Kha'Zix,244,7,1.38,3.0,8.0,8.0,0.0,1,,0,0,0,0,0,0,0.0,0,,0,0,0,0,0,0,0.0,0,Wukong,26.0,16.0,10.0,0.62,Elise,15.0,9.0,6.0,0.6,Jarvan IV,7.0,5.0,2.0,0.71,Elise,172,Kha'Zix,162,Jarvan IV,132,Shyvana,51,Nocturne,46,Evelynn,40,Wukong,30,Ezreal,25,Brand,25,Karma,16,Diana,16,Gragas,13,Zyra,12,Neeko,12,Ahri,10,,0
Agurin #EUW,euw,"Thu, Jan 9, 2025 11:15 PM",Kha'Zix,17,blue,0,34.72,3,8,8,1.38,0.55,0.49,244,7.0,4,dastindynamite #EUW,Pantheon,KATEVO #EUW,Viktor,HalfBlood Prince #971,Vayne,ronoh #000,Yuumi,TwTv EUWXYZ #666,Darius,iPaw #154,Wukong,ComboScriptXD #EUW,Katarina,MetroArcher #EUW,Caitlyn,КОМПОТ #ЯГОДА,Rakan,euw,20,11,9,0.55,6.9,4.3,8.1,3.49,0.56,Elise,0.44,4,5,3.39,Jarvan IV,0.6,3,2,5.38,Wukong,0.75,3,1,3.07,0.05,0.95,0.0,0.0,0.0,JUNGLE,TOP,0.95,0.05,Wukong,191.6,7.5,2.29,6.0,4.7,4.8,0.64,11,Elise,233.1,7.7,3.52,8.0,4.2,6.8,0.5,10,Jarvan IV,207.4,7.3,5.38,5.8,3.2,11.4,0.6,5,Karma,163.5,6.5,3,2.0,4.0,10.0,1.0,2,Kha'Zix,244,7,1.38,3.0,8.0,8.0,0.0,1,,0,0,0,0,0,0,0.0,0,,0,0,0,0,0,0,0.0,0,Wukong,26.0,16.0,10.0,0.62,Elise,15.0,9.0,6.0,0.6,Jarvan IV,7.0,5.0,2.0,0.71,Elise,172,Kha'Zix,162,Jarvan IV,132,Shyvana,51,Nocturne,46,Evelynn,40,Wukong,30,Ezreal,25,Brand,25,Karma,16,Diana,16,Gragas,13,Zyra,12,Neeko,12,Ahri,10,,0
Agurin #EUW,euw,"Thu, Jan 9, 2025 10:30 PM",Wukong,15,blue,0,26.9,4,3,2,2.00,0.67,1.33,203,7.5,4,Maynter #EUW,Gnar,KATEVO #EUW,Viktor,Deádly #EUW,Caitlyn,Nubobo #EUW,Bard,G2 BrokenBlade #1918,Sylas,G2 SkewMond #3327,Vi,WORLDS2025 #AIS,Orianna,G2 Hans Sama #12838,Corki,G2 Labrov #8085,Blitzcrank,euw,20,11,9,0.55,6.9,4.3,8.1,3.49,0.56,Elise,0.44,4,5,3.39,Jarvan IV,0.6,3,2,5.38,Wukong,0.75,3,1,3.07,0.05,0.95,0.0,0.0,0.0,JUNGLE,TOP,0.95,0.05,Wukong,191.6,7.5,2.29,6.0,4.7,4.8,0.64,11,Elise,233.1,7.7,3.52,8.0,4.2,6.8,0.5,10,Jarvan IV,207.4,7.3,5.38,5.8,3.2,11.4,0.6,5,Karma,163.5,6.5,3,2.0,4.0,10.0,1.0,2,Kha'Zix,244,7,1.38,3.0,8.0,8.0,0.0,1,,0,0,0,0,0,0,0.0,0,,0,0,0,0,0,0,0.0,0,Wukong,26.0,16.0,10.0,0.62,Elise,15.0,9.0,6.0,0.6,Jarvan IV,7.0,5.0,2.0,0.71,Elise,172,Kha'Zix,162,Jarvan IV,132,Shyvana,51,Nocturne,46,Evelynn,40,Wukong,30,Ezreal,25,Brand,25,Karma,16,Diana,16,Gragas,13,Zyra,12,Neeko,12,Ahri,10,,0
Afflictive #藍月なくる,na,"Sat, Jan 11, 2025 10:02 AM",Hwei,17,red,0,36.38,3,7,16,2.71,0.66,0.82,231,6.3,4,Mental Clarity #Shen,Shen,Music #NA2,Wukong,Jisoo Fanboy #6262,Caitlyn,Breezyyy #NA1,Rakan,Super Shy #1226,Akali,YZN 3 #JGDIF,Bel'Veth,心千劫 #如此白,Zed,Nightstar x Lia #CN1,Ashe,Protos #Colin,Neeko,na,20,14,6,0.7,6.8,5.2,13.7,3.94,0.62,Akshan,1.0,6,0,5.32,Nautilus,0.4,2,3,2.84,Hwei,0.4,2,3,2.6,0.0,0.0,0.25,0.3,0.45,SUPPORT,ADC,0.45,0.3,,0,0,0,0,0,0,0.0,0,,0,0,0,0,0,0,0.0,0,,0,0,0,0,0,0,0.0,0,,0,0,0,0,0,0,0.0,0,,0,0,0,0,0,0,0.0,0,,0,0,0,0,0,0,0.0,0,,0,0,0,0,0,0,0.0,0,Akshan,12.0,10.0,2.0,0.83,Soraka,12.0,9.0,3.0,0.75,Hwei,11.0,5.0,6.0,0.45,Soraka,27,Pyke,21,Zac,15,Akshan,15,Nautilus,15,Gangplank,11,Graves,10,Kha'Zix,10,Zilean,11,Rakan,10,,0,,0,,0,,0,,0,,0
Afflictive #藍月なくる,na,"Sat, Jan 11, 2025 9:12 AM",Nautilus,13,red,0,30.2,3,6,16,3.17,0.73,1.13,40,1.3,4,fredPls #lolo,Lux,ARMAO #NA1,Elise,ひとめぼれする #top1,Irelia,Yang #adc1,Caitlyn,훠궈안맵게먹기장인 #0201,Hwei,Music #NA2,Viego,foggedftw2 #NA1,Tryndamere,Neiyn #loser,Karthus,Breezyyy #NA1,Leona,na,20,14,6,0.7,6.8,5.2,13.7,3.94,0.62,Akshan,1.0,6,0,5.32,Nautilus,0.4,2,3,2.84,Hwei,0.4,2,3,2.6,0.0,0.0,0.25,0.3,0.45,SUPPORT,ADC,0.45,0.3,,0,0,0,0,0,0,0.0,0,,0,0,0,0,0,0,0.0,0,,0,0,0,0,0,0,0.0,0,,0,0,0,0,0,0,0.0,0,,0,0,0,0,0,0,0.0,0,,0,0,0,0,0,0,0.0,0,,0,0,0,0,0,0,0.0,0,Akshan,12.0,10.0,2.0,0.83,Soraka,12.0,9.0,3.0,0.75,Hwei,11.0,5.0,6.0,0.45,Soraka,27,Pyke,21,Zac,15,Akshan,15,Nautilus,15,Gangplank,11,Graves,10,Kha'Zix,10,Zilean,11,Rakan,10,,0,,0,,0,,0,,0,,0
Afflictive #藍月なくる,na,"Sat, Jan 11, 2025 8:30 AM",Soraka,12,red,1,21.98,0,3,18,6.00,0.58,1.7,20,0.9,4,不帮就送 #0888,Mordekaiser,Moilap #Moila,Jax,心千劫 #如此白,Zed,Ahj #YONE,Hwei,Panyyann #7777,Jayce,声微丶饭否 #CCC,Lee Sin,xeirzo #gwen,Gwen,I am Súnlight #NA1,Ornn,TTV Pomerzz 1 #Shaco,Bard,na,20,14,6,0.7,6.8,5.2,13.7,3.94,0.62,Akshan,1.0,6,0,5.32,Nautilus,0.4,2,3,2.84,Hwei,0.4,2,3,2.6,0.0,0.0,0.25,0.3,0.45,SUPPORT,ADC,0.45,0.3,,0,0,0,0,0,0,0.0,0,,0,0,0,0,0,0,0.0,0,,0,0,0,0,0,0,0.0,0,,0,0,0,0,0,0,0.0,0,,0,0,0,0,0,0,0.0,0,,0,0,0,0,0,0,0.0,0,,0,0,0,0,0,0,0.0,0,Akshan,12.0,10.0,2.0,0.83,Soraka,12.0,9.0,3.0,0.75,Hwei,11.0,5.0,6.0,0.45,Soraka,27,Pyke,21,Zac,15,Akshan,15,Nautilus,15,Gangplank,11,Graves,10,Kha'Zix,10,Zilean,11,Rakan,10,,0,,0,,0,,0,,0,,0
Afflictive #藍月なくる,na,"Sat, Jan 11, 2025 7:56 AM",Nautilus,13,blue,1,30.57,1,7,21,3.14,0.52,0.75,40,1.3,4,HarrisonTT #NA1,Hwei,Moilap #Moila,Nidalee,不帮就送 #0888,Aatrox,Busio JNG #NA1,Miss Fortune,TreyDog #NA1,Volibear,声微丶饭否 #CCC,Lillia,Panyyann #7777,Jayce,Zirv #NA1,Ezreal,Pentius #owo,Tahm Kench,na,20,14,6,0.7,6.8,5.2,13.7,3.94,0.62,Akshan,1.0,6,0,5.32,Nautilus,0.4,2,3,2.84,Hwei,0.4,2,3,2.6,0.0,0.0,0.25,0.3,0.45,SUPPORT,ADC,0.45,0.3,,0,0,0,0,0,0,0.0,0,,0,0,0,0,0,0,0.0,0,,0,0,0,0,0,0,0.0,0,,0,0,0,0,0,0,0.0,0,,0,0,0,0,0,0,0.0,0,,0,0,0,0,0,0,0.0,0,,0,0,0,0,0,0,0.0,0,Akshan,12.0,10.0,2.0,0.83,Soraka,12.0,9.0,3.0,0.75,Hwei,11.0,5.0,6.0,0.45,Soraka,27,Pyke,21,Zac,15,Akshan,15,Nautilus,15,Gangplank,11,Graves,10,Kha'Zix,10,Zilean,11,Rakan,10,,0,,0,,0,,0,,0,,0
Afflictive #藍月なくる,na,"Sat, Jan 11, 2025 6:54 AM",Soraka,16,red,1,37.28,1,5,33,6.80,0.79,1.17,40,1.1,4,Dhokla #NA1,Jayce,Spica #001,Jarvan IV,ARMAO #NA1,Cassiopeia,pewpew #pigmé,Varus,winder999 #rose,Wukong,blaberfish2 #NA1,Zyra,The Pubarizer03 #NA1,Syndra,Tactical0 #NA1,Corki,eDATERSgg #6969,Poppy,na,20,14,6,0.7,6.8,5.2,13.7,3.94,0.62,Akshan,1.0,6,0,5.32,Nautilus,0.4,2,3,2.84,Hwei,0.4,2,3,2.6,0.0,0.0,0.25,0.3,0.45,SUPPORT,ADC,0.45,0.3,,0,0,0,0,0,0,0.0,0,,0,0,0,0,0,0,0.0,0,,0,0,0,0,0,0,0.0,0,,0,0,0,0,0,0,0.0,0,,0,0,0,0,0,0,0.0,0,,0,0,0,0,0,0,0.0,0,,0,0,0,0,0,0,0.0,0,Akshan,12.0,10.0,2.0,0.83,Soraka,12.0,9.0,3.0,0.75,Hwei,11.0,5.0,6.0,0.45,Soraka,27,Pyke,21,Zac,15,Akshan,15,Nautilus,15,Gangplank,11,Graves,10,Kha'Zix,10,Zilean,11,Rakan,10,,0,,0,,0,,0,,0,,0
Afflictive #藍月なくる,na,"Sat, Jan 11, 2025 5:45 AM",Soraka,13,red,1,26.95,2,3,15,5.67,0.49,1.08,12,0.4,4,cupcakes29 #NA1,Viktor,Let Her Leave #LHL,Lee Sin,Pobelter #NA1,Ryze,Doublelift #NA1,Varus,DaddyVladdy #BIG,Vladimir,TL Honda UmTi #0602,Zyra,Turtle hater #APA,Yone,googlymoogly002 #606,Draven,Teacuppers #NA1,Elise,na,20,14,6,0.7,6.8,5.2,13.7,3.94,0.62,Akshan,1.0,6,0,5.32,Nautilus,0.4,2,3,2.84,Hwei,0.4,2,3,2.6,0.0,0.0,0.25,0.3,0.45,SUPPORT,ADC,0.45,0.3,,0,0,0,0,0,0,0.0,0,,0,0,0,0,0,0,0.0,0,,0,0,0,0,0,0,0.0,0,,0,0,0,0,0,0,0.0,0,,0,0,0,0,0,0,0.0,0,,0,0,0,0,0,0,0.0,0,,0,0,0,0,0,0,0.0,0,Akshan,12.0,10.0,2.0,0.83,Soraka,12.0,9.0,3.0,0.75,Hwei,11.0,5.0,6.0,0.45,Soraka,27,Pyke,21,Zac,15,Akshan,15,Nautilus,15,Gangplank,11,Graves,10,Kha'Zix,10,Zilean,11,Rakan,10,,0,,0,,0,,0,,0,,0
Afflictive #藍月なくる,na,"Sat, Jan 11, 2025 5:11 AM",Soraka,9,blue,1,15.5,2,3,24,8.67,0.7,2.33,13,0.8,4,cupcakes29 #NA1,Viktor,Let Her Leave #LHL,Lee Sin,Pobelter #NA1,Sylas,Doublelift #NA1,Varus,GSDFQWASD #NA1,Jayce,Olly #839,Wukong,Ariendel #NA1,Aurelion Sol,OmiBro #NA1,Corki,Daption #Sandy,Amumu,na,20,14,6,0.7,6.8,5.2,13.7,3.94,0.62,Akshan,1.0,6,0,5.32,Nautilus,0.4,2,3,2.84,Hwei,0.4,2,3,2.6,0.0,0.0,0.25,0.3,0.45,SUPPORT,ADC,0.45,0.3,,0,0,0,0,0,0,0.0,0,,0,0,0,0,0,0,0.0,0,,0,0,0,0,0,0,0.0,0,,0,0,0,0,0,0,0.0,0,,0,0,0,0,0,0,0.0,0,,0,0,0,0,0,0,0.0,0,,0,0,0,0,0,0,0.0,0,Akshan,12.0,10.0,2.0,0.83,Soraka,12.0,9.0,3.0,0.75,Hwei,11.0,5.0,6.0,0.45,Soraka,27,Pyke,21,Zac,15,Akshan,15,Nautilus,15,Gangplank,11,Graves,10,Kha'Zix,10,Zilean,11,Rakan,10,,0,,0,,0,,0,,0,,0
Afflictive #藍月なくる,na,"Sat, Jan 11, 2025 4:48 AM",Nautilus,11,red,0,24.68,6,6,15,3.50,0.84,2.85,29,1.2,4,Wocaoo #NA1,Ornn,Olly #839,Wukong,Sword #MISHL,Yasuo,OmiBro #NA1,Viktor,Denathor #NA1,Jayce,YZN 3 #JGDIF,Bel'Veth,Ariendel #NA1,Aurelion Sol,Mobility #NA2,Ezreal,Daption #Sandy,Braum,na,20,14,6,0.7,6.8,5.2,13.7,3.94,0.62,Akshan,1.0,6,0,5.32,Nautilus,0.4,2,3,2.84,Hwei,0.4,2,3,2.6,0.0,0.0,0.25,0.3,0.45,SUPPORT,ADC,0.45,0.3,,0,0,0,0,0,0,0.0,0,,0,0,0,0,0,0,0.0,0,,0,0,0,0,0,0,0.0,0,,0,0,0,0,0,0,0.0,0,,0,0,0,0,0,0,0.0,0,,0,0,0,0,0,0,0.0,0,,0,0,0,0,0,0,0.0,0,Akshan,12.0,10.0,2.0,0.83,Soraka,12.0,9.0,3.0,0.75,Hwei,11.0,5.0,6.0,0.45,Soraka,27,Pyke,21,Zac,15,Akshan,15,Nautilus,15,Gangplank,11,Graves,10,Kha'Zix,10,Zilean,11,Rakan,10,,0,,0,,0,,0,,0,,0
Afflictive #藍月なくる,na,"Sat, Jan 11, 2025 4:01 AM",Akshan,12,blue,1,18.93,9,1,3,12.00,0.55,1.94,129,6.8,4,notscaredtolose #123,Riven,T0mio #NA1,Amumu,Zven #KEKW1,Ziggs,VULCAN #5125,Alistar,Besso #NA1,Kennen,iShifty #NA1,Wukong,Subaru Natsuki #Smile,Lissandra,WindiaN #1337,Tristana,星街彗星 #tiffy,Nautilus,na,20,14,6,0.7,6.8,5.2,13.7,3.94,0.62,Akshan,1.0,6,0,5.32,Nautilus,0.4,2,3,2.84,Hwei,0.4,2,3,2.6,0.0,0.0,0.25,0.3,0.45,SUPPORT,ADC,0.45,0.3,,0,0,0,0,0,0,0.0,0,,0,0,0,0,0,0,0.0,0,,0,0,0,0,0,0,0.0,0,,0,0,0,0,0,0,0.0,0,,0,0,0,0,0,0,0.0,0,,0,0,0,0,0,0,0.0,0,,0,0,0,0,0,0,0.0,0,Akshan,12.0,10.0,2.0,0.83,Soraka,12.0,9.0,3.0,0.75,Hwei,11.0,5.0,6.0,0.45,Soraka,27,Pyke,21,Zac,15,Akshan,15,Nautilus,15,Gangplank,11,Graves,10,Kha'Zix,10,Zilean,11,Rakan,10,,0,,0,,0,,0,,0,,0
Afflictive #藍月なくる,na,"Sat, Jan 11, 2025 3:32 AM",Nautilus,8,red,1,16.12,2,3,7,3.00,0.43,1.27,19,1.2,4,notscaredtolose #123,Riven,T0mio #NA1,Viego,Pobelter #NA1,Sylas,Doublelift #NA1,Jinx,Z5 Keii #606,Jax,Music #NA2,Bel'Veth,Samikin #uwu,Aurora,Neymar Júnior #JogaB,Corki,mbsorrywpgjnice #9945,Braum,na,20,14,6,0.7,6.8,5.2,13.7,3.94,0.62,Akshan,1.0,6,0,5.32,Nautilus,0.4,2,3,2.84,Hwei,0.4,2,3,2.6,0.0,0.0,0.25,0.3,0.45,SUPPORT,ADC,0.45,0.3,,0,0,0,0,0,0,0.0,0,,0,0,0,0,0,0,0.0,0,,0,0,0,0,0,0,0.0,0,,0,0,0,0,0,0,0.0,0,,0,0,0,0,0,0,0.0,0,,0,0,0,0,0,0,0.0,0,,0,0,0,0,0,0,0.0,0,Akshan,12.0,10.0,2.0,0.83,Soraka,12.0,9.0,3.0,0.75,Hwei,11.0,5.0,6.0,0.45,Soraka,27,Pyke,21,Zac,15,Akshan,15,Nautilus,15,Gangplank,11,Graves,10,Kha'Zix,10,Zilean,11,Rakan,10,,0,,0,,0,,0,,0,,0
Afflictive #藍月なくる,na,"Sat, Jan 11, 2025 3:08 AM",Akshan,15,red,1,23.67,13,4,7,5.00,0.56,2.57,168,7.1,4,Z5 Keii #606,Ambessa,U Never Loved Me #anna,Udyr,입털면 헤드샷 #원딜러,Zeri,mbsorrywpgjnice #9945,Rell,Pobelter #NA1,Jayce,YZN 3 #JGDIF,Gwen,Sym #Sym,Akali,Doublelift #NA1,Jinx,DDOSS #NA1,Janna,na,20,14,6,0.7,6.8,5.2,13.7,3.94,0.62,Akshan,1.0,6,0,5.32,Nautilus,0.4,2,3,2.84,Hwei,0.4,2,3,2.6,0.0,0.0,0.25,0.3,0.45,SUPPORT,ADC,0.45,0.3,,0,0,0,0,0,0,0.0,0,,0,0,0,0,0,0,0.0,0,,0,0,0,0,0,0,0.0,0,,0,0,0,0,0,0,0.0,0,,0,0,0,0,0,0,0.0,0,,0,0,0,0,0,0,0.0,0,,0,0,0,0,0,0,0.0,0,Akshan,12.0,10.0,2.0,0.83,Soraka,12.0,9.0,3.0,0.75,Hwei,11.0,5.0,6.0,0.45,Soraka,27,Pyke,21,Zac,15,Akshan,15,Nautilus,15,Gangplank,11,Graves,10,Kha'Zix,10,Zilean,11,Rakan,10,,0,,0,,0,,0,,0,,0
Afflictive #藍月なくる,na,"Sat, Jan 11, 2025 2:09 AM",Akshan,18,red,1,41.07,21,11,22,3.91,0.73,2.45,222,5.4,4,Zagreus #wins,Garen,dusklol #000,Qiyana,InoriB #2005,Viktor,KDKD #9999,Rell,Licorice #NA1,Jayce,iShifty #NA1,Shaco,Sym #Sym,Syndra,WindiaN #1337,Tristana,Ársène #FLCL,Renata Glasc,na,20,14,6,0.7,6.8,5.2,13.7,3.94,0.62,Akshan,1.0,6,0,5.32,Nautilus,0.4,2,3,2.84,Hwei,0.4,2,3,2.6,0.0,0.0,0.25,0.3,0.45,SUPPORT,ADC,0.45,0.3,,0,0,0,0,0,0,0.0,0,,0,0,0,0,0,0,0.0,0,,0,0,0,0,0,0,0.0,0,,0,0,0,0,0,0,0.0,0,,0,0,0,0,0,0,0.0,0,,0,0,0,0,0,0,0.0,0,,0,0,0,0,0,0,0.0,0,Akshan,12.0,10.0,2.0,0.83,Soraka,12.0,9.0,3.0,0.75,Hwei,11.0,5.0,6.0,0.45,Soraka,27,Pyke,21,Zac,15,Akshan,15,Nautilus,15,Gangplank,11,Graves,10,Kha'Zix,10,Zilean,11,Rakan,10,,0,,0,,0,,0,,0,,0
Afflictive #藍月なくる,na,"Sat, Jan 11, 2025 1:17 AM",Akshan,15,blue,1,23.02,14,5,3,3.40,0.53,0.61,156,6.8,4,Sogeking #1127,Ornn,guduhuanzhe #2006,Viego,The Pubarizer03 #NA1,Syndra,LightNReset #NA1,Janna,Kirby Iover #NA1,Ambessa,La Flame #lynn,Hecarim,Reppy #nyami,Viktor,June 16 #Rena,Kai'Sa,Sin #1  ,Nautilus,na,20,14,6,0.7,6.8,5.2,13.7,3.94,0.62,Akshan,1.0,6,0,5.32,Nautilus,0.4,2,3,2.84,Hwei,0.4,2,3,2.6,0.0,0.0,0.25,0.3,0.45,SUPPORT,ADC,0.45,0.3,,0,0,0,0,0,0,0.0,0,,0,0,0,0,0,0,0.0,0,,0,0,0,0,0,0,0.0,0,,0,0,0,0,0,0,0.0,0,,0,0,0,0,0,0,0.0,0,,0,0,0,0,0,0,0.0,0,,0,0,0,0,0,0,0.0,0,Akshan,12.0,10.0,2.0,0.83,Soraka,12.0,9.0,3.0,0.75,Hwei,11.0,5.0,6.0,0.45,Soraka,27,Pyke,21,Zac,15,Akshan,15,Nautilus,15,Gangplank,11,Graves,10,Kha'Zix,10,Zilean,11,Rakan,10,,0,,0,,0,,0,,0,,0
Afflictive #藍月なくる,na,"Sat, Jan 11, 2025 12:43 AM",Akshan,17,blue,1,27.0,21,5,15,7.20,0.71,2.12,196,7.3,4,jordan69 #NA2,Riven,Remi #duck,Skarner,Hwaryung #lol,Viktor,Quokka #0228,Pyke,Fn9 #Lmfao,Neeko,La Flame #lynn,Gwen,Reppy #nyami,Yone,June 16 #Rena,Syndra,I am Súnlight #NA1,Darius,na,20,14,6,0.7,6.8,5.2,13.7,3.94,0.62,Akshan,1.0,6,0,5.32,Nautilus,0.4,2,3,2.84,Hwei,0.4,2,3,2.6,0.0,0.0,0.25,0.3,0.45,SUPPORT,ADC,0.45,0.3,,0,0,0,0,0,0,0.0,0,,0,0,0,0,0,0,0.0,0,,0,0,0,0,0,0,0.0,0,,0,0,0,0,0,0,0.0,0,,0,0,0,0,0,0,0.0,0,,0,0,0,0,0,0,0.0,0,,0,0,0,0,0,0,0.0,0,Akshan,12.0,10.0,2.0,0.83,Soraka,12.0,9.0,3.0,0.75,Hwei,11.0,5.0,6.0,0.45,Soraka,27,Pyke,21,Zac,15,Akshan,15,Nautilus,15,Gangplank,11,Graves,10,Kha'Zix,10,Zilean,11,Rakan,10,,0,,0,,0,,0,,0,,0
Afflictive #藍月なくる,na,"Sat, Jan 11, 2025 12:07 AM",Hwei,15,blue,0,32.33,5,9,14,2.11,0.68,0.49,205,6.3,4,PoopSwag69 #l33t,Yone,不帮就送 #0888,Graves,Moilap #Moila,K'Sante,petit squid #ink,Nautilus,Fn9 #Lmfao,Ambessa,Pentaless #penta,Nunu & Willump,DOUBLELIFT FAN 7 #ggwp,Corki,WX HERD VD #NA1,Ezreal,keanu #lara,Seraphine,na,20,14,6,0.7,6.8,5.2,13.7,3.94,0.62,Akshan,1.0,6,0,5.32,Nautilus,0.4,2,3,2.84,Hwei,0.4,2,3,2.6,0.0,0.0,0.25,0.3,0.45,SUPPORT,ADC,0.45,0.3,,0,0,0,0,0,0,0.0,0,,0,0,0,0,0,0,0.0,0,,0,0,0,0,0,0,0.0,0,,0,0,0,0,0,0,0.0,0,,0,0,0,0,0,0,0.0,0,,0,0,0,0,0,0,0.0,0,,0,0,0,0,0,0,0.0,0,Akshan,12.0,10.0,2.0,0.83,Soraka,12.0,9.0,3.0,0.75,Hwei,11.0,5.0,6.0,0.45,Soraka,27,Pyke,21,Zac,15,Akshan,15,Nautilus,15,Gangplank,11,Graves,10,Kha'Zix,10,Zilean,11,Rakan,10,,0,,0,,0,,0,,0,,0
Afflictive #藍月なくる,na,"Fri, Jan 10, 2025 11:24 PM",Hwei,12,red,0,20.72,5,6,4,1.50,0.43,1.27,166,8.0,4,Devost #4571,Jayce,minecraft kid72 #GAMER,Fiddlesticks,sharkshark #KR2,Qiyana,jaytylik22 #NA1,Rakan,duoqueen1 #NA1,Garen,eDATERSgg #6969,Olaf,Traumadump Tom #kZota,Cassiopeia,raging incel #444,Miss Fortune,keanu #lara,Sona,na,20,14,6,0.7,6.8,5.2,13.7,3.94,0.62,Akshan,1.0,6,0,5.32,Nautilus,0.4,2,3,2.84,Hwei,0.4,2,3,2.6,0.0,0.0,0.25,0.3,0.45,SUPPORT,ADC,0.45,0.3,,0,0,0,0,0,0,0.0,0,,0,0,0,0,0,0,0.0,0,,0,0,0,0,0,0,0.0,0,,0,0,0,0,0,0,0.0,0,,0,0,0,0,0,0,0.0,0,,0,0,0,0,0,0,0.0,0,,0,0,0,0,0,0,0.0,0,Akshan,12.0,10.0,2.0,0.83,Soraka,12.0,9.0,3.0,0.75,Hwei,11.0,5.0,6.0,0.45,Soraka,27,Pyke,21,Zac,15,Akshan,15,Nautilus,15,Gangplank,11,Graves,10,Kha'Zix,10,Zilean,11,Rakan,10,,0,,0,,0,,0,,0,,0
Afflictive #藍月なくる,na,"Fri, Jan 10, 2025 10:51 PM",Hwei,15,red,1,24.93,3,3,12,5.00,0.5,1.08,192,7.7,4,vx toplane101 #NA2,Malphite,eDATERSgg #6969,Graves,Im not faker #NA2,Yone,Viagra Vinegar #NA1,Maokai,Devost #4571,Jayce,wartrim #0705,Wukong,play objectives #2003,Ryze,skypture #slump,Ashe,Alcalamity #NA1,Renata Glasc,na,20,14,6,0.7,6.8,5.2,13.7,3.94,0.62,Akshan,1.0,6,0,5.32,Nautilus,0.4,2,3,2.84,Hwei,0.4,2,3,2.6,0.0,0.0,0.25,0.3,0.45,SUPPORT,ADC,0.45,0.3,,0,0,0,0,0,0,0.0,0,,0,0,0,0,0,0,0.0,0,,0,0,0,0,0,0,0.0,0,,0,0,0,0,0,0,0.0,0,,0,0,0,0,0,0,0.0,0,,0,0,0,0,0,0,0.0,0,,0,0,0,0,0,0,0.0,0,Akshan,12.0,10.0,2.0,0.83,Soraka,12.0,9.0,3.0,0.75,Hwei,11.0,5.0,6.0,0.45,Soraka,27,Pyke,21,Zac,15,Akshan,15,Nautilus,15,Gangplank,11,Graves,10,Kha'Zix,10,Zilean,11,Rakan,10,,0,,0,,0,,0,,0,,0
Afflictive #藍月なくる,na,"Fri, Jan 10, 2025 10:19 PM",Akshan,15,blue,1,22.38,14,2,7,10.50,0.81,4.0,190,8.5,4,TFBlade #122,Vladimir,YZN 3 #JGDIF,Bel'Veth,Prefexx #NA1,Varus,Spiralclawz #NA1,Sona,vx toplane101 #NA2,Jax,Amazingx #2494,Poppy,flocon #FRK,Ahri,Im not faker #NA2,Yone,MageBot #SCALE,Ashe,na,20,14,6,0.7,6.8,5.2,13.7,3.94,0.62,Akshan,1.0,6,0,5.32,Nautilus,0.4,2,3,2.84,Hwei,0.4,2,3,2.6,0.0,0.0,0.25,0.3,0.45,SUPPORT,ADC,0.45,0.3,,0,0,0,0,0,0,0.0,0,,0,0,0,0,0,0,0.0,0,,0,0,0,0,0,0,0.0,0,,0,0,0,0,0,0,0.0,0,,0,0,0,0,0,0,0.0,0,,0,0,0,0,0,0,0.0,0,,0,0,0,0,0,0,0.0,0,Akshan,12.0,10.0,2.0,0.83,Soraka,12.0,9.0,3.0,0.75,Hwei,11.0,5.0,6.0,0.45,Soraka,27,Pyke,21,Zac,15,Akshan,15,Nautilus,15,Gangplank,11,Graves,10,Kha'Zix,10,Zilean,11,Rakan,10,,0,,0,,0,,0,,0,,0
Afflictive #藍月なくる,na,"Fri, Jan 10, 2025 9:45 PM",Hwei,15,red,1,26.8,8,5,8,3.20,0.4,1.13,196,7.3,4,Devost #4571,Camille,Irk Luigi #NA1,Shaco,Hypeurs #Wopo,Ekko,Im Choi #NA1,Nami,Raveydemon #NA1,Kled,FEIN #elise,Lee Sin,in her eyes #001,Irelia,KaiGyt #0187,Lux,vx sasikiran00 #ran,Neeko,na,20,14,6,0.7,6.8,5.2,13.7,3.94,0.62,Akshan,1.0,6,0,5.32,Nautilus,0.4,2,3,2.84,Hwei,0.4,2,3,2.6,0.0,0.0,0.25,0.3,0.45,SUPPORT,ADC,0.45,0.3,,0,0,0,0,0,0,0.0,0,,0,0,0,0,0,0,0.0,0,,0,0,0,0,0,0,0.0,0,,0,0,0,0,0,0,0.0,0,,0,0,0,0,0,0,0.0,0,,0,0,0,0,0,0,0.0,0,,0,0,0,0,0,0,0.0,0,Akshan,12.0,10.0,2.0,0.83,Soraka,12.0,9.0,3.0,0.75,Hwei,11.0,5.0,6.0,0.45,Soraka,27,Pyke,21,Zac,15,Akshan,15,Nautilus,15,Gangplank,11,Graves,10,Kha'Zix,10,Zilean,11,Rakan,10,,0,,0,,0,,0,,0,,0
Afflictive #藍月なくる,na,"Fri, Jan 10, 2025 9:08 PM",Nautilus,14,blue,0,30.1,3,9,14,1.89,0.53,0.85,38,1.3,4,没有情绪 #007,Aurora,Giraffe #lyx,Nocturne,I am Súnlight #NA1,Garen,skypture #slump,Jinx,TheSlamboy #GOAT,K'Sante,La Flame #lynn,Gwen,SoloRenektonOnly #SRO,Talon,PORKYS #1V9,Twitch,EnerChi #252,Thresh,na,20,14,6,0.7,6.8,5.2,13.7,3.94,0.62,Akshan,1.0,6,0,5.32,Nautilus,0.4,2,3,2.84,Hwei,0.4,2,3,2.6,0.0,0.0,0.25,0.3,0.45,SUPPORT,ADC,0.45,0.3,,0,0,0,0,0,0,0.0,0,,0,0,0,0,0,0,0.0,0,,0,0,0,0,0,0,0.0,0,,0,0,0,0,0,0,0.0,0,,0,0,0,0,0,0,0.0,0,,0,0,0,0,0,0,0.0,0,,0,0,0,0,0,0,0.0,0,Akshan,12.0,10.0,2.0,0.83,Soraka,12.0,9.0,3.0,0.75,Hwei,11.0,5.0,6.0,0.45,Soraka,27,Pyke,21,Zac,15,Akshan,15,Nautilus,15,Gangplank,11,Graves,10,Kha'Zix,10,Zilean,11,Rakan,10,,0,,0,,0,,0,,0,,0
washed úp #EUW,euw,"Fri, Jan 3, 2025 10:00 PM",Jayce,18,blue,1,38.23,7,7,13,2.86,0.56,1.38,308,8.1,2,Acheron E4 #K405,Talon,SeRiN1 #EUW,Pantheon,Husum #EUW,Swain,G2 Labrov #8085,Elise,أستولفو بن لادن #UwU,Singed,G2 SkewMond #3327,Zyra,WORLDS2025 #AIS,Irelia,ocsaV #EUW,Ezreal,Paolocannone #EUW,Alistar,euw,20,13,7,0.65,6.1,5.6,5.5,2.07,0.45,Jax,1.0,4,0,1.57,Gnar,0.5,2,2,2.85,Aurora,0.67,2,1,3.64,0.95,0.05,0.0,0.0,0.0,TOP,JUNGLE,0.95,0.05,Aurora,199.3,7.4,2.85,5.5,4.5,7.3,0.67,42,Irelia,235.8,8.9,1.56,7.0,7.0,3.9,0.53,32,Jax,187,7.6,2.25,6.7,5.0,4.5,0.71,31,Ambessa,206.1,7.7,2.74,7.1,5.0,6.6,0.62,21,Garen,211,8.1,1.76,5.9,5.3,3.4,0.5,14,Darius,207.8,7.9,2.82,7.9,4.1,3.6,0.64,11,Renekton,234.6,8.2,3.52,7.8,4.5,8.2,0.64,11,Jax,2.0,2.0,0.0,1.0,Gnar,2.0,1.0,1.0,0.5,Aurora,2.0,1.0,1.0,0.5,Jax,56,Master Yi,33,Darius,26,Jayce,19,Graves,18,Tryndamere,14,Jarvan IV,13,Kha'Zix,11,Irelia,14,Lee Sin,11,Aatrox,11,Xin Zhao,10,Renekton,10,Shen,10,,0,,0
washed úp #EUW,euw,"Fri, Jan 3, 2025 9:13 PM",Gwen,16,red,1,28.07,9,5,10,3.80,0.49,1.78,203,7.2,1,Agurin #EUW,Elise,SMRADOCH RANDOM #EUW,Ziggs,RKR #123,Ashe,Frank Castle #2610,Blitzcrank,Shourdy #EUW,K'Sante,Purple Place #Moe,Rengar,WORLDS2025 #AIS,Irelia,Odysseus #131,Taliyah,Sergeant Sona #KJP,Sona,euw,20,13,7,0.65,6.1,5.6,5.5,2.07,0.45,Jax,1.0,4,0,1.57,Gnar,0.5,2,2,2.85,Aurora,0.67,2,1,3.64,0.95,0.05,0.0,0.0,0.0,TOP,JUNGLE,0.95,0.05,Aurora,199.3,7.4,2.85,5.5,4.5,7.3,0.67,42,Irelia,235.8,8.9,1.56,7.0,7.0,3.9,0.53,32,Jax,187,7.6,2.25,6.7,5.0,4.5,0.71,31,Ambessa,206.1,7.7,2.74,7.1,5.0,6.6,0.62,21,Garen,211,8.1,1.76,5.9,5.3,3.4,0.5,14,Darius,207.8,7.9,2.82,7.9,4.1,3.6,0.64,11,Renekton,234.6,8.2,3.52,7.8,4.5,8.2,0.64,11,Jax,2.0,2.0,0.0,1.0,Gnar,2.0,1.0,1.0,0.5,Aurora,2.0,1.0,1.0,0.5,Jax,56,Master Yi,33,Darius,26,Jayce,19,Graves,18,Tryndamere,14,Jarvan IV,13,Kha'Zix,11,Irelia,14,Lee Sin,11,Aatrox,11,Xin Zhao,10,Renekton,10,Shen,10,,0,,0
washed úp #EUW,euw,"Fri, Jan 3, 2025 8:36 PM",Aurora,14,blue,0,29.32,3,6,4,1.17,0.64,1.56,186,6.3,2,Lee Sin #Ano,Bel'Veth,Toto The Totoro #Toffe,Ahri,never in doubt #EUW,Ezreal,reo #peace,Sona,TTV shikaril0l #777,Swain,zee #CN1,Jarvan IV,Aileri #BOAT,Akali,희망을 가지다 #123,Jhin,ttveminencjasupp #kick,Thresh,euw,20,13,7,0.65,6.1,5.6,5.5,2.07,0.45,Jax,1.0,4,0,1.57,Gnar,0.5,2,2,2.85,Aurora,0.67,2,1,3.64,0.95,0.05,0.0,0.0,0.0,TOP,JUNGLE,0.95,0.05,Aurora,199.3,7.4,2.85,5.5,4.5,7.3,0.67,42,Irelia,235.8,8.9,1.56,7.0,7.0,3.9,0.53,32,Jax,187,7.6,2.25,6.7,5.0,4.5,0.71,31,Ambessa,206.1,7.7,2.74,7.1,5.0,6.6,0.62,21,Garen,211,8.1,1.76,5.9,5.3,3.4,0.5,14,Darius,207.8,7.9,2.82,7.9,4.1,3.6,0.64,11,Renekton,234.6,8.2,3.52,7.8,4.5,8.2,0.64,11,Jax,2.0,2.0,0.0,1.0,Gnar,2.0,1.0,1.0,0.5,Aurora,2.0,1.0,1.0,0.5,Jax,56,Master Yi,33,Darius,26,Jayce,19,Graves,18,Tryndamere,14,Jarvan IV,13,Kha'Zix,11,Irelia,14,Lee Sin,11,Aatrox,11,Xin Zhao,10,Renekton,10,Shen,10,,0,,0
washed úp #EUW,euw,"Fri, Jan 3, 2025 7:54 PM",Aurora,14,red,1,21.22,8,3,5,4.33,0.52,2.85,205,9.7,2,Sambre #3005,Xin Zhao,Dusty #2026,Orianna,maciek11 #joker,Corki,erdt #EUW,Nautilus,erislash #KING,Garen,성진우 #789,Elise,15 02 2022 #EUW,Ambessa,Sumerei #EUW,Jhin,mein herz #197,Janna,euw,20,13,7,0.65,6.1,5.6,5.5,2.07,0.45,Jax,1.0,4,0,1.57,Gnar,0.5,2,2,2.85,Aurora,0.67,2,1,3.64,0.95,0.05,0.0,0.0,0.0,TOP,JUNGLE,0.95,0.05,Aurora,199.3,7.4,2.85,5.5,4.5,7.3,0.67,42,Irelia,235.8,8.9,1.56,7.0,7.0,3.9,0.53,32,Jax,187,7.6,2.25,6.7,5.0,4.5,0.71,31,Ambessa,206.1,7.7,2.74,7.1,5.0,6.6,0.62,21,Garen,211,8.1,1.76,5.9,5.3,3.4,0.5,14,Darius,207.8,7.9,2.82,7.9,4.1,3.6,0.64,11,Renekton,234.6,8.2,3.52,7.8,4.5,8.2,0.64,11,Jax,2.0,2.0,0.0,1.0,Gnar,2.0,1.0,1.0,0.5,Aurora,2.0,1.0,1.0,0.5,Jax,56,Master Yi,33,Darius,26,Jayce,19,Graves,18,Tryndamere,14,Jarvan IV,13,Kha'Zix,11,Irelia,14,Lee Sin,11,Aatrox,11,Xin Zhao,10,Renekton,10,Shen,10,,0,,0
washed úp #EUW,euw,"Fri, Jan 3, 2025 7:20 PM",Gnar,18,blue,1,30.88,12,1,10,22.00,0.76,2.12,271,8.8,3,KOXTROLL #CWL1,Lee Sin,AGW Chovy #HUN,Aurora,Вестник Трибун #ИЗИ,Corki,CLASSICZ #sorry,Lulu,gostozinho #2003,Ambessa,EL PAPI #HOT,Neeko,MANATY #LPLKR,Garen,Soldier 015 #ALN,Ezreal,DONT GET C #EUW,Karma,euw,20,13,7,0.65,6.1,5.6,5.5,2.07,0.45,Jax,1.0,4,0,1.57,Gnar,0.5,2,2,2.85,Aurora,0.67,2,1,3.64,0.95,0.05,0.0,0.0,0.0,TOP,JUNGLE,0.95,0.05,Aurora,199.3,7.4,2.85,5.5,4.5,7.3,0.67,42,Irelia,235.8,8.9,1.56,7.0,7.0,3.9,0.53,32,Jax,187,7.6,2.25,6.7,5.0,4.5,0.71,31,Ambessa,206.1,7.7,2.74,7.1,5.0,6.6,0.62,21,Garen,211,8.1,1.76,5.9,5.3,3.4,0.5,14,Darius,207.8,7.9,2.82,7.9,4.1,3.6,0.64,11,Renekton,234.6,8.2,3.52,7.8,4.5,8.2,0.64,11,Jax,2.0,2.0,0.0,1.0,Gnar,2.0,1.0,1.0,0.5,Aurora,2.0,1.0,1.0,0.5,Jax,56,Master Yi,33,Darius,26,Jayce,19,Graves,18,Tryndamere,14,Jarvan IV,13,Kha'Zix,11,Irelia,14,Lee Sin,11,Aatrox,11,Xin Zhao,10,Renekton,10,Shen,10,,0,,0
washed úp #EUW,euw,"Fri, Jan 3, 2025 6:16 PM",Dr. Mundo,16,red,1,26.62,3,6,4,1.17,0.26,0.43,206,7.7,2,KOXTROLL #CWL1,Nidalee,af5f2c86 ad75 435f b9f6 f48628a39934 #EUW,Nunu & Willump,keia #shy,Corki,Chhabi #2447,Sona,Raider #1999,Jax,gothic 3 enjoyer #EUW,Poppy,Bobsik #EUW,LeBlanc,Insecticides #wwwsp,Aphelios,ChestbicepsS #EUW,Lulu,euw,20,13,7,0.65,6.1,5.6,5.5,2.07,0.45,Jax,1.0,4,0,1.57,Gnar,0.5,2,2,2.85,Aurora,0.67,2,1,3.64,0.95,0.05,0.0,0.0,0.0,TOP,JUNGLE,0.95,0.05,Aurora,199.3,7.4,2.85,5.5,4.5,7.3,0.67,42,Irelia,235.8,8.9,1.56,7.0,7.0,3.9,0.53,32,Jax,187,7.6,2.25,6.7,5.0,4.5,0.71,31,Ambessa,206.1,7.7,2.74,7.1,5.0,6.6,0.62,21,Garen,211,8.1,1.76,5.9,5.3,3.4,0.5,14,Darius,207.8,7.9,2.82,7.9,4.1,3.6,0.64,11,Renekton,234.6,8.2,3.52,7.8,4.5,8.2,0.64,11,Jax,2.0,2.0,0.0,1.0,Gnar,2.0,1.0,1.0,0.5,Aurora,2.0,1.0,1.0,0.5,Jax,56,Master Yi,33,Darius,26,Jayce,19,Graves,18,Tryndamere,14,Jarvan IV,13,Kha'Zix,11,Irelia,14,Lee Sin,11,Aatrox,11,Xin Zhao,10,Renekton,10,Shen,10,,0,,0
washed úp #EUW,euw,"Fri, Jan 3, 2025 5:40 PM",Jax,18,red,1,36.6,10,12,7,1.42,0.45,0.75,235,6.4,2,KOXTROLL #CWL1,Lee Sin,Yoo Jonghyuk333 #EUW,Akali,keia #shy,Corki,Chhabi #2447,Sona,Raider #1999,Camille,Kira #EUW44,Talon,a winds rhythm #Aang,Yasuo,NARSIST #AIZEL,Ziggs,ChestbicepsS #EUW,Senna,euw,20,13,7,0.65,6.1,5.6,5.5,2.07,0.45,Jax,1.0,4,0,1.57,Gnar,0.5,2,2,2.85,Aurora,0.67,2,1,3.64,0.95,0.05,0.0,0.0,0.0,TOP,JUNGLE,0.95,0.05,Aurora,199.3,7.4,2.85,5.5,4.5,7.3,0.67,42,Irelia,235.8,8.9,1.56,7.0,7.0,3.9,0.53,32,Jax,187,7.6,2.25,6.7,5.0,4.5,0.71,31,Ambessa,206.1,7.7,2.74,7.1,5.0,6.6,0.62,21,Garen,211,8.1,1.76,5.9,5.3,3.4,0.5,14,Darius,207.8,7.9,2.82,7.9,4.1,3.6,0.64,11,Renekton,234.6,8.2,3.52,7.8,4.5,8.2,0.64,11,Jax,2.0,2.0,0.0,1.0,Gnar,2.0,1.0,1.0,0.5,Aurora,2.0,1.0,1.0,0.5,Jax,56,Master Yi,33,Darius,26,Jayce,19,Graves,18,Tryndamere,14,Jarvan IV,13,Kha'Zix,11,Irelia,14,Lee Sin,11,Aatrox,11,Xin Zhao,10,Renekton,10,Shen,10,,0,,0
washed úp #EUW,euw,"Fri, Jan 3, 2025 4:48 PM",Jax,12,red,1,19.15,9,2,2,5.50,0.33,2.57,127,6.6,2,Bgurin #4000,Wukong,Thomas Shelby #SOLOQ,Akali,Lothen #2137,Jinx,universive #EUW,Pyke,Kaymin #0104,Viktor,2025 #favo,Dr. Mundo,Raider #1999,Darius,Hydra #6809,Corki,Sergeant Sona #KJP,Milio,euw,20,13,7,0.65,6.1,5.6,5.5,2.07,0.45,Jax,1.0,4,0,1.57,Gnar,0.5,2,2,2.85,Aurora,0.67,2,1,3.64,0.95,0.05,0.0,0.0,0.0,TOP,JUNGLE,0.95,0.05,Aurora,199.3,7.4,2.85,5.5,4.5,7.3,0.67,42,Irelia,235.8,8.9,1.56,7.0,7.0,3.9,0.53,32,Jax,187,7.6,2.25,6.7,5.0,4.5,0.71,31,Ambessa,206.1,7.7,2.74,7.1,5.0,6.6,0.62,21,Garen,211,8.1,1.76,5.9,5.3,3.4,0.5,14,Darius,207.8,7.9,2.82,7.9,4.1,3.6,0.64,11,Renekton,234.6,8.2,3.52,7.8,4.5,8.2,0.64,11,Jax,2.0,2.0,0.0,1.0,Gnar,2.0,1.0,1.0,0.5,Aurora,2.0,1.0,1.0,0.5,Jax,56,Master Yi,33,Darius,26,Jayce,19,Graves,18,Tryndamere,14,Jarvan IV,13,Kha'Zix,11,Irelia,14,Lee Sin,11,Aatrox,11,Xin Zhao,10,Renekton,10,Shen,10,,0,,0
washed úp #EUW,euw,"Fri, Jan 3, 2025 4:20 PM",Gnar,16,red,0,28.85,4,6,3,1.17,0.54,1.13,228,7.9,2,Kindrei #mark,Kindred,raikooooo #EUW,Katarina,Attila #9032,Ziggs,Adzengat #EUW,Seraphine,WHATSYOURORDER #MCD,Gragas,2025 #favo,Rengar,endureandconquer #eu1,Galio,NAMAST3 #HOWIE,Corki,mein herz #197,Janna,euw,20,13,7,0.65,6.1,5.6,5.5,2.07,0.45,Jax,1.0,4,0,1.57,Gnar,0.5,2,2,2.85,Aurora,0.67,2,1,3.64,0.95,0.05,0.0,0.0,0.0,TOP,JUNGLE,0.95,0.05,Aurora,199.3,7.4,2.85,5.5,4.5,7.3,0.67,42,Irelia,235.8,8.9,1.56,7.0,7.0,3.9,0.53,32,Jax,187,7.6,2.25,6.7,5.0,4.5,0.71,31,Ambessa,206.1,7.7,2.74,7.1,5.0,6.6,0.62,21,Garen,211,8.1,1.76,5.9,5.3,3.4,0.5,14,Darius,207.8,7.9,2.82,7.9,4.1,3.6,0.64,11,Renekton,234.6,8.2,3.52,7.8,4.5,8.2,0.64,11,Jax,2.0,2.0,0.0,1.0,Gnar,2.0,1.0,1.0,0.5,Aurora,2.0,1.0,1.0,0.5,Jax,56,Master Yi,33,Darius,26,Jayce,19,Graves,18,Tryndamere,14,Jarvan IV,13,Kha'Zix,11,Irelia,14,Lee Sin,11,Aatrox,11,Xin Zhao,10,Renekton,10,Shen,10,,0,,0
washed úp #EUW,euw,"Tue, Dec 31, 2024 2:48 AM",Irelia,17,red,0,33.83,8,12,5,1.08,0.5,1.94,283,8.4,3,Kijo73 #ZTC,Zyra,have faith #kass,Kassadin,Gangsterkahlil #EUW,Zed,B0LULU #EUW,Zoe,platamon prodigy #0000,Aurora,edge of night #999,Vi,iwanan #7596,Yone,tyberzen #baler,Smolder,Köinzell #000,Rakan,euw,20,13,7,0.65,6.1,5.6,5.5,2.07,0.45,Jax,1.0,4,0,1.57,Gnar,0.5,2,2,2.85,Aurora,0.67,2,1,3.64,0.95,0.05,0.0,0.0,0.0,TOP,JUNGLE,0.95,0.05,Aurora,199.3,7.4,2.85,5.5,4.5,7.3,0.67,42,Irelia,235.8,8.9,1.56,7.0,7.0,3.9,0.53,32,Jax,187,7.6,2.25,6.7,5.0,4.5,0.71,31,Ambessa,206.1,7.7,2.74,7.1,5.0,6.6,0.62,21,Garen,211,8.1,1.76,5.9,5.3,3.4,0.5,14,Darius,207.8,7.9,2.82,7.9,4.1,3.6,0.64,11,Renekton,234.6,8.2,3.52,7.8,4.5,8.2,0.64,11,Jax,2.0,2.0,0.0,1.0,Gnar,2.0,1.0,1.0,0.5,Aurora,2.0,1.0,1.0,0.5,Jax,56,Master Yi,33,Darius,26,Jayce,19,Graves,18,Tryndamere,14,Jarvan IV,13,Kha'Zix,11,Irelia,14,Lee Sin,11,Aatrox,11,Xin Zhao,10,Renekton,10,Shen,10,,0,,0
washed úp #EUW,euw,"Tue, Dec 31, 2024 1:55 AM",Aurora,18,red,1,33.2,12,2,8,10.00,0.53,1.56,250,7.5,2,SCP343 #grmsn,Xin Zhao,iwanan #7596,Yone,Ignacarious #5232,Ashe,Thumbs Down #4847,Rakan,Pôl #PCC,Garen,GOTHGIRL69 #UWU,Viego,Myth #Ares,Azir,zvx #123,Jhin,Silk #767,Sylas,euw,20,13,7,0.65,6.1,5.6,5.5,2.07,0.45,Jax,1.0,4,0,1.57,Gnar,0.5,2,2,2.85,Aurora,0.67,2,1,3.64,0.95,0.05,0.0,0.0,0.0,TOP,JUNGLE,0.95,0.05,Aurora,199.3,7.4,2.85,5.5,4.5,7.3,0.67,42,Irelia,235.8,8.9,1.56,7.0,7.0,3.9,0.53,32,Jax,187,7.6,2.25,6.7,5.0,4.5,0.71,31,Ambessa,206.1,7.7,2.74,7.1,5.0,6.6,0.62,21,Garen,211,8.1,1.76,5.9,5.3,3.4,0.5,14,Darius,207.8,7.9,2.82,7.9,4.1,3.6,0.64,11,Renekton,234.6,8.2,3.52,7.8,4.5,8.2,0.64,11,Jax,2.0,2.0,0.0,1.0,Gnar,2.0,1.0,1.0,0.5,Aurora,2.0,1.0,1.0,0.5,Jax,56,Master Yi,33,Darius,26,Jayce,19,Graves,18,Tryndamere,14,Jarvan IV,13,Kha'Zix,11,Irelia,14,Lee Sin,11,Aatrox,11,Xin Zhao,10,Renekton,10,Shen,10,,0,,0
washed úp #EUW,euw,"Tue, Dec 31, 2024 1:08 AM",K'Sante,12,blue,0,19.43,1,7,2,0.43,0.43,0.23,132,6.8,2,GOTHGIRL69 #UWU,Nocturne,iwanan #7596,Azir,Deádly #EUW,Ashe,Pyrka #EUW4,Rakan,KDF DuDu #KING1,Gnar,minimap unlocked #LOOK,Lee Sin,Harbo #EUW,Sylas,qasdfzxcyxavqzcx #CN1,Draven,Jordæn #EUW,Pantheon,euw,20,13,7,0.65,6.1,5.6,5.5,2.07,0.45,Jax,1.0,4,0,1.57,Gnar,0.5,2,2,2.85,Aurora,0.67,2,1,3.64,0.95,0.05,0.0,0.0,0.0,TOP,JUNGLE,0.95,0.05,Aurora,199.3,7.4,2.85,5.5,4.5,7.3,0.67,42,Irelia,235.8,8.9,1.56,7.0,7.0,3.9,0.53,32,Jax,187,7.6,2.25,6.7,5.0,4.5,0.71,31,Ambessa,206.1,7.7,2.74,7.1,5.0,6.6,0.62,21,Garen,211,8.1,1.76,5.9,5.3,3.4,0.5,14,Darius,207.8,7.9,2.82,7.9,4.1,3.6,0.64,11,Renekton,234.6,8.2,3.52,7.8,4.5,8.2,0.64,11,Jax,2.0,2.0,0.0,1.0,Gnar,2.0,1.0,1.0,0.5,Aurora,2.0,1.0,1.0,0.5,Jax,56,Master Yi,33,Darius,26,Jayce,19,Graves,18,Tryndamere,14,Jarvan IV,13,Kha'Zix,11,Irelia,14,Lee Sin,11,Aatrox,11,Xin Zhao,10,Renekton,10,Shen,10,,0,,0
washed úp #EUW,euw,"Tue, Dec 31, 2024 12:36 AM",Jax,15,blue,1,27.08,3,9,4,0.78,0.3,0.59,189,7.0,2,GOTHGIRL69 #UWU,Wukong,KilIa #EUW,Ahri,qasdfzxcyxavqzcx #CN1,Kalista,Pyrka #EUW4,Braum,KDF DuDu #KING1,Poppy,minimap unlocked #LOOK,Viego,iwanan #7596,Hwei,chöego #EUW,Ashe,MORG3NSHTERN #EUW,Nautilus,euw,20,13,7,0.65,6.1,5.6,5.5,2.07,0.45,Jax,1.0,4,0,1.57,Gnar,0.5,2,2,2.85,Aurora,0.67,2,1,3.64,0.95,0.05,0.0,0.0,0.0,TOP,JUNGLE,0.95,0.05,Aurora,199.3,7.4,2.85,5.5,4.5,7.3,0.67,42,Irelia,235.8,8.9,1.56,7.0,7.0,3.9,0.53,32,Jax,187,7.6,2.25,6.7,5.0,4.5,0.71,31,Ambessa,206.1,7.7,2.74,7.1,5.0,6.6,0.62,21,Garen,211,8.1,1.76,5.9,5.3,3.4,0.5,14,Darius,207.8,7.9,2.82,7.9,4.1,3.6,0.64,11,Renekton,234.6,8.2,3.52,7.8,4.5,8.2,0.64,11,Jax,2.0,2.0,0.0,1.0,Gnar,2.0,1.0,1.0,0.5,Aurora,2.0,1.0,1.0,0.5,Jax,56,Master Yi,33,Darius,26,Jayce,19,Graves,18,Tryndamere,14,Jarvan IV,13,Kha'Zix,11,Irelia,14,Lee Sin,11,Aatrox,11,Xin Zhao,10,Renekton,10,Shen,10,,0,,0
washed úp #EUW,euw,"Sat, Dec 28, 2024 9:10 PM",Renekton,16,red,1,30.93,10,6,8,3.00,0.5,0.89,208,6.7,2,asfdvrqe #123,Taliyah,Toto The Totoro #Toffe,Yone,Subbex #EUW,Varus,twojstary2komary #win,Lulu,Nillee #EUW,Ambessa,Joinze #EUW,Jarvan IV,ocsaV #EUW,Aurora,Sumerei #EUW,Caitlyn,Gordinho #24805,Blitzcrank,euw,20,13,7,0.65,6.1,5.6,5.5,2.07,0.45,Jax,1.0,4,0,1.57,Gnar,0.5,2,2,2.85,Aurora,0.67,2,1,3.64,0.95,0.05,0.0,0.0,0.0,TOP,JUNGLE,0.95,0.05,Aurora,199.3,7.4,2.85,5.5,4.5,7.3,0.67,42,Irelia,235.8,8.9,1.56,7.0,7.0,3.9,0.53,32,Jax,187,7.6,2.25,6.7,5.0,4.5,0.71,31,Ambessa,206.1,7.7,2.74,7.1,5.0,6.6,0.62,21,Garen,211,8.1,1.76,5.9,5.3,3.4,0.5,14,Darius,207.8,7.9,2.82,7.9,4.1,3.6,0.64,11,Renekton,234.6,8.2,3.52,7.8,4.5,8.2,0.64,11,Jax,2.0,2.0,0.0,1.0,Gnar,2.0,1.0,1.0,0.5,Aurora,2.0,1.0,1.0,0.5,Jax,56,Master Yi,33,Darius,26,Jayce,19,Graves,18,Tryndamere,14,Jarvan IV,13,Kha'Zix,11,Irelia,14,Lee Sin,11,Aatrox,11,Xin Zhao,10,Renekton,10,Shen,10,,0,,0
washed úp #EUW,euw,"Sat, Dec 28, 2024 8:32 PM",Irelia,16,blue,1,27.97,3,7,5,1.14,0.26,0.82,263,9.4,1,Agurin #EUW,Elise,Bollito de Cacao #EUW,Corki,Kushala Daora #MHVV,Varus,darkchri99 #EUW,Braum,RKR #123,Jayce,Joinze #EUW,Taliyah,KDF DuDu #KING1,Gragas,Subbex #EUW,Ashe,Gordinho #24805,Leona,euw,20,13,7,0.65,6.1,5.6,5.5,2.07,0.45,Jax,1.0,4,0,1.57,Gnar,0.5,2,2,2.85,Aurora,0.67,2,1,3.64,0.95,0.05,0.0,0.0,0.0,TOP,JUNGLE,0.95,0.05,Aurora,199.3,7.4,2.85,5.5,4.5,7.3,0.67,42,Irelia,235.8,8.9,1.56,7.0,7.0,3.9,0.53,32,Jax,187,7.6,2.25,6.7,5.0,4.5,0.71,31,Ambessa,206.1,7.7,2.74,7.1,5.0,6.6,0.62,21,Garen,211,8.1,1.76,5.9,5.3,3.4,0.5,14,Darius,207.8,7.9,2.82,7.9,4.1,3.6,0.64,11,Renekton,234.6,8.2,3.52,7.8,4.5,8.2,0.64,11,Jax,2.0,2.0,0.0,1.0,Gnar,2.0,1.0,1.0,0.5,Aurora,2.0,1.0,1.0,0.5,Jax,56,Master Yi,33,Darius,26,Jayce,19,Graves,18,Tryndamere,14,Jarvan IV,13,Kha'Zix,11,Irelia,14,Lee Sin,11,Aatrox,11,Xin Zhao,10,Renekton,10,Shen,10,,0,,0
washed úp #EUW,euw,"Sat, Dec 28, 2024 7:55 PM",Gnar,11,red,1,16.22,4,3,3,2.33,0.33,1.44,133,8.2,2,TWTV DETDERT #12MAJ,Vi,T1 Cyculek #GINO,Kai'Sa,J1HUIV #000,Viktor,G2 Labrov #8085,Rell,KDF DuDu #KING1,K'Sante,ΛNΛKIN #777,Bel'Veth,Kushala Daora #MHVV,Galio,Flow State AD #666,Ezreal,Frank Castle #2610,Alistar,euw,20,13,7,0.65,6.1,5.6,5.5,2.07,0.45,Jax,1.0,4,0,1.57,Gnar,0.5,2,2,2.85,Aurora,0.67,2,1,3.64,0.95,0.05,0.0,0.0,0.0,TOP,JUNGLE,0.95,0.05,Aurora,199.3,7.4,2.85,5.5,4.5,7.3,0.67,42,Irelia,235.8,8.9,1.56,7.0,7.0,3.9,0.53,32,Jax,187,7.6,2.25,6.7,5.0,4.5,0.71,31,Ambessa,206.1,7.7,2.74,7.1,5.0,6.6,0.62,21,Garen,211,8.1,1.76,5.9,5.3,3.4,0.5,14,Darius,207.8,7.9,2.82,7.9,4.1,3.6,0.64,11,Renekton,234.6,8.2,3.52,7.8,4.5,8.2,0.64,11,Jax,2.0,2.0,0.0,1.0,Gnar,2.0,1.0,1.0,0.5,Aurora,2.0,1.0,1.0,0.5,Jax,56,Master Yi,33,Darius,26,Jayce,19,Graves,18,Tryndamere,14,Jarvan IV,13,Kha'Zix,11,Irelia,14,Lee Sin,11,Aatrox,11,Xin Zhao,10,Renekton,10,Shen,10,,0,,0
washed úp #EUW,euw,"Sat, Dec 28, 2024 7:27 PM",Gnar,10,blue,0,16.07,1,3,0,0.33,0.14,0.54,122,7.6,2,TWTV DETDERT #12MAJ,Vi,TwitchTVxKenzuke #EUW,Aurora,T1 Cyculek #GINO,Corki,G2 Labrov #8085,Rell,KDF DuDu #KING1,K'Sante,Deliverzz #777,Bel'Veth,Imma touch you #131,Taliyah,Kushala Daora #MHVV,Jhin,Thumbs Down #4847,Poppy,euw,20,13,7,0.65,6.1,5.6,5.5,2.07,0.45,Jax,1.0,4,0,1.57,Gnar,0.5,2,2,2.85,Aurora,0.67,2,1,3.64,0.95,0.05,0.0,0.0,0.0,TOP,JUNGLE,0.95,0.05,Aurora,199.3,7.4,2.85,5.5,4.5,7.3,0.67,42,Irelia,235.8,8.9,1.56,7.0,7.0,3.9,0.53,32,Jax,187,7.6,2.25,6.7,5.0,4.5,0.71,31,Ambessa,206.1,7.7,2.74,7.1,5.0,6.6,0.62,21,Garen,211,8.1,1.76,5.9,5.3,3.4,0.5,14,Darius,207.8,7.9,2.82,7.9,4.1,3.6,0.64,11,Renekton,234.6,8.2,3.52,7.8,4.5,8.2,0.64,11,Jax,2.0,2.0,0.0,1.0,Gnar,2.0,1.0,1.0,0.5,Aurora,2.0,1.0,1.0,0.5,Jax,56,Master Yi,33,Darius,26,Jayce,19,Graves,18,Tryndamere,14,Jarvan IV,13,Kha'Zix,11,Irelia,14,Lee Sin,11,Aatrox,11,Xin Zhao,10,Renekton,10,Shen,10,,0,,0
washed úp #EUW,euw,"Sat, Dec 28, 2024 7:04 PM",Jax,16,blue,1,28.6,3,5,6,1.80,0.27,1.17,213,7.4,2,Dont Try Mee #EUW,Viego,Harbo #EUW,Ryze,asdflkjcvzx #hzl,Xayah,Hannover #EUW,Rakan,emerrin #623HS,Aurora,NattyNatt #2005,Rengar,MrHolst #XDXD,Tryndamere,Insightful #6000,Karthus,Targamas #5555,Pyke,euw,20,13,7,0.65,6.1,5.6,5.5,2.07,0.45,Jax,1.0,4,0,1.57,Gnar,0.5,2,2,2.85,Aurora,0.67,2,1,3.64,0.95,0.05,0.0,0.0,0.0,TOP,JUNGLE,0.95,0.05,Aurora,199.3,7.4,2.85,5.5,4.5,7.3,0.67,42,Irelia,235.8,8.9,1.56,7.0,7.0,3.9,0.53,32,Jax,187,7.6,2.25,6.7,5.0,4.5,0.71,31,Ambessa,206.1,7.7,2.74,7.1,5.0,6.6,0.62,21,Garen,211,8.1,1.76,5.9,5.3,3.4,0.5,14,Darius,207.8,7.9,2.82,7.9,4.1,3.6,0.64,11,Renekton,234.6,8.2,3.52,7.8,4.5,8.2,0.64,11,Jax,2.0,2.0,0.0,1.0,Gnar,2.0,1.0,1.0,0.5,Aurora,2.0,1.0,1.0,0.5,Jax,56,Master Yi,33,Darius,26,Jayce,19,Graves,18,Tryndamere,14,Jarvan IV,13,Kha'Zix,11,Irelia,14,Lee Sin,11,Aatrox,11,Xin Zhao,10,Renekton,10,Shen,10,,0,,0
washed úp #EUW,euw,"Sat, Dec 28, 2024 6:21 PM",Skarner,16,red,0,29.63,7,2,9,8.00,0.55,1.0,173,5.8,2,DREILIX #000,K'Sante,TwitchTVxKenzuke #EUW,Aurora,Flow State AD #666,Jhin,Canam #123,Janna,yuqi #golem,Renekton,Hatred #BelV,Karthus,Dekap #EUW,Smolder,bee go bzzz #sting,Ezreal,Hannover #EUW,Pyke,euw,20,13,7,0.65,6.1,5.6,5.5,2.07,0.45,Jax,1.0,4,0,1.57,Gnar,0.5,2,2,2.85,Aurora,0.67,2,1,3.64,0.95,0.05,0.0,0.0,0.0,TOP,JUNGLE,0.95,0.05,Aurora,199.3,7.4,2.85,5.5,4.5,7.3,0.67,42,Irelia,235.8,8.9,1.56,7.0,7.0,3.9,0.53,32,Jax,187,7.6,2.25,6.7,5.0,4.5,0.71,31,Ambessa,206.1,7.7,2.74,7.1,5.0,6.6,0.62,21,Garen,211,8.1,1.76,5.9,5.3,3.4,0.5,14,Darius,207.8,7.9,2.82,7.9,4.1,3.6,0.64,11,Renekton,234.6,8.2,3.52,7.8,4.5,8.2,0.64,11,Jax,2.0,2.0,0.0,1.0,Gnar,2.0,1.0,1.0,0.5,Aurora,2.0,1.0,1.0,0.5,Jax,56,Master Yi,33,Darius,26,Jayce,19,Graves,18,Tryndamere,14,Jarvan IV,13,Kha'Zix,11,Irelia,14,Lee Sin,11,Aatrox,11,Xin Zhao,10,Renekton,10,Shen,10,,0,,0
washed úp #EUW,euw,"Sat, Dec 28, 2024 5:21 PM",Aatrox,12,red,0,21.95,5,8,2,0.88,0.47,1.13,124,5.6,2,Bgurin #4000,Wukong,SMRADOCH RANDOM #EUW,Aurora,INCURSIO #Vilms,Kog'Maw,Crixus #ARENA,Leona,Cabex #EUW,Fiddlesticks,Joinze #EUW,Kindred,Vattghern #9928,Hwei,Twtv Major Alexa #nder,Samira,Hannover #EUW,Pyke,euw,20,13,7,0.65,6.1,5.6,5.5,2.07,0.45,Jax,1.0,4,0,1.57,Gnar,0.5,2,2,2.85,Aurora,0.67,2,1,3.64,0.95,0.05,0.0,0.0,0.0,TOP,JUNGLE,0.95,0.05,Aurora,199.3,7.4,2.85,5.5,4.5,7.3,0.67,42,Irelia,235.8,8.9,1.56,7.0,7.0,3.9,0.53,32,Jax,187,7.6,2.25,6.7,5.0,4.5,0.71,31,Ambessa,206.1,7.7,2.74,7.1,5.0,6.6,0.62,21,Garen,211,8.1,1.76,5.9,5.3,3.4,0.5,14,Darius,207.8,7.9,2.82,7.9,4.1,3.6,0.64,11,Renekton,234.6,8.2,3.52,7.8,4.5,8.2,0.64,11,Jax,2.0,2.0,0.0,1.0,Gnar,2.0,1.0,1.0,0.5,Aurora,2.0,1.0,1.0,0.5,Jax,56,Master Yi,33,Darius,26,Jayce,19,Graves,18,Tryndamere,14,Jarvan IV,13,Kha'Zix,11,Irelia,14,Lee Sin,11,Aatrox,11,Xin Zhao,10,Renekton,10,Shen,10,,0,,0
NS Jiwoo #KR1,kr,"Sat, Jan 11, 2025 5:44 AM",Kalista,11,blue,1,15.3,10,2,4,7.00,0.61,4.88,129,8.4,4,M녹차라떼M #KR1,Tahm Kench,파이팅 #0328,Elise,hawul #하우리,Corki,Lehends #KR1,Renata Glasc,Kingen #KR1,Jayce,みずかみ さとし #7777,Kayn,스타 이렐 #9999,Irelia,Teddyx #333,Draven,롤스타 공주 #K R,Zyra,kr,20,10,10,0.5,6.6,5.8,7.8,2.48,0.54,Kalista,0.25,1,3,2.6,Lee Sin,0.67,2,1,3.44,Caitlyn,0.5,1,1,2.0,0.1,0.45,0.0,0.45,0.0,JUNGLE,ADC,0.45,0.45,Lee Sin,128.5,5.6,2.58,7.5,6.0,8.0,0.5,2,Kalista,219.5,8.4,2.27,6.5,5.5,6.0,0.0,2,Caitlyn,122,7.8,2.33,3.0,3.0,4.0,1.0,1,Elise,148,5.6,2.5,5.0,4.0,5.0,1.0,1,Vi,175,5.2,2.78,7.0,9.0,18.0,1.0,1,Sejuani,127,5.5,1.25,1.0,4.0,4.0,0.0,1,,0,0,0,0,0,0,0.0,0,Kalista,4.0,1.0,3.0,0.25,Caitlyn,3.0,2.0,1.0,0.67,Lee Sin,3.0,2.0,1.0,0.67,Aphelios,31,Kai'Sa,31,Ezreal,25,Jinx,22,Zeri,20,Maokai,18,Caitlyn,16,Xayah,12,Jhin,16,Varus,12,Ashe,12,Miss Fortune,12,Lucian,10,Kalista,10,Samira,10,,0
NS Jiwoo #KR1,kr,"Thu, Jan 9, 2025 7:32 PM",Lee Sin,12,red,0,25.07,6,11,5,1.00,0.41,0.64,114,4.5,4,Win Worlds #KR1,Azir,CCrazy #KR1,Rumble,만복순대국 #순대빼고,Kalista,EFF2CT #45800,Maokai,The shy #asdf,Ambessa,felisa #KR1,Sejuani,YeQiuFengZZ #叶秋枫,Qiyana,linn #KR11,Corki,Qin Wang #ktz,Neeko,kr,20,10,10,0.5,6.6,5.8,7.8,2.48,0.54,Kalista,0.25,1,3,2.6,Lee Sin,0.67,2,1,3.44,Caitlyn,0.5,1,1,2.0,0.1,0.45,0.0,0.45,0.0,JUNGLE,ADC,0.45,0.45,Lee Sin,128.5,5.6,2.58,7.5,6.0,8.0,0.5,2,Kalista,219.5,8.4,2.27,6.5,5.5,6.0,0.0,2,Caitlyn,122,7.8,2.33,3.0,3.0,4.0,1.0,1,Elise,148,5.6,2.5,5.0,4.0,5.0,1.0,1,Vi,175,5.2,2.78,7.0,9.0,18.0,1.0,1,Sejuani,127,5.5,1.25,1.0,4.0,4.0,0.0,1,,0,0,0,0,0,0,0.0,0,Kalista,4.0,1.0,3.0,0.25,Caitlyn,3.0,2.0,1.0,0.67,Lee Sin,3.0,2.0,1.0,0.67,Aphelios,31,Kai'Sa,31,Ezreal,25,Jinx,22,Zeri,20,Maokai,18,Caitlyn,16,Xayah,12,Jhin,16,Varus,12,Ashe,12,Miss Fortune,12,Lucian,10,Kalista,10,Samira,10,,0
NS Jiwoo #KR1,kr,"Thu, Jan 9, 2025 7:01 PM",Vi,17,blue,1,33.63,7,9,18,2.78,0.47,0.67,175,5.2,4,CCrazy #KR1,Jayce,Yondaime #Luo,Sylas,斗鱼LWX521437 #1111,Varus,금동몬스터 #KR1,Lulu,함현식 #KR1,Quinn,YONG2 #6666,Karthus,YeQiuFengZZ #叶秋枫,Qiyana,인생걸고태호시티 #KR1,Swain,luck dog #KR1,Pyke,kr,20,10,10,0.5,6.6,5.8,7.8,2.48,0.54,Kalista,0.25,1,3,2.6,Lee Sin,0.67,2,1,3.44,Caitlyn,0.5,1,1,2.0,0.1,0.45,0.0,0.45,0.0,JUNGLE,ADC,0.45,0.45,Lee Sin,128.5,5.6,2.58,7.5,6.0,8.0,0.5,2,Kalista,219.5,8.4,2.27,6.5,5.5,6.0,0.0,2,Caitlyn,122,7.8,2.33,3.0,3.0,4.0,1.0,1,Elise,148,5.6,2.5,5.0,4.0,5.0,1.0,1,Vi,175,5.2,2.78,7.0,9.0,18.0,1.0,1,Sejuani,127,5.5,1.25,1.0,4.0,4.0,0.0,1,,0,0,0,0,0,0,0.0,0,Kalista,4.0,1.0,3.0,0.25,Caitlyn,3.0,2.0,1.0,0.67,Lee Sin,3.0,2.0,1.0,0.67,Aphelios,31,Kai'Sa,31,Ezreal,25,Jinx,22,Zeri,20,Maokai,18,Caitlyn,16,Xayah,12,Jhin,16,Varus,12,Ashe,12,Miss Fortune,12,Lucian,10,Kalista,10,Samira,10,,0
NS Jiwoo #KR1,kr,"Thu, Jan 9, 2025 6:20 PM",Elise,14,blue,1,26.32,5,4,5,2.50,0.32,0.67,148,5.6,4,CCrazy #KR1,Gnar,Blue #KR33,Viktor,Robin #星期日,Lucian,樱吹雪Ycx #Ycx,Milio,취권쓰는돼지 #KR1,Gragas,少年豆父 #1234,Lillia,네가다른누구보다행복하길 #온통너였다,Irelia,й A D P й #KR1,Ezreal,yunhuan #2000,Pyke,kr,20,10,10,0.5,6.6,5.8,7.8,2.48,0.54,Kalista,0.25,1,3,2.6,Lee Sin,0.67,2,1,3.44,Caitlyn,0.5,1,1,2.0,0.1,0.45,0.0,0.45,0.0,JUNGLE,ADC,0.45,0.45,Lee Sin,128.5,5.6,2.58,7.5,6.0,8.0,0.5,2,Kalista,219.5,8.4,2.27,6.5,5.5,6.0,0.0,2,Caitlyn,122,7.8,2.33,3.0,3.0,4.0,1.0,1,Elise,148,5.6,2.5,5.0,4.0,5.0,1.0,1,Vi,175,5.2,2.78,7.0,9.0,18.0,1.0,1,Sejuani,127,5.5,1.25,1.0,4.0,4.0,0.0,1,,0,0,0,0,0,0,0.0,0,Kalista,4.0,1.0,3.0,0.25,Caitlyn,3.0,2.0,1.0,0.67,Lee Sin,3.0,2.0,1.0,0.67,Aphelios,31,Kai'Sa,31,Ezreal,25,Jinx,22,Zeri,20,Maokai,18,Caitlyn,16,Xayah,12,Jhin,16,Varus,12,Ashe,12,Miss Fortune,12,Lucian,10,Kalista,10,Samira,10,,0
NS Jiwoo #KR1,kr,"Thu, Jan 9, 2025 5:45 PM",Caitlyn,9,blue,1,15.6,3,3,4,2.33,0.47,0.89,122,7.8,4,14小孩幻想赢对线 #4453,Ambessa,是缘总会圆 #yue,Zyra,坑死你嘿嘿 #路明非,Pantheon,CCrazy #KR1,Lux,롤스타 #녹슨검,K'Sante,허수아비 #무적이야,Fiddlesticks,믹스테이프 #KR1,Malzahar,xycg #KR1,Corki,DK Cynthia #KR1,Nautilus,kr,20,10,10,0.5,6.6,5.8,7.8,2.48,0.54,Kalista,0.25,1,3,2.6,Lee Sin,0.67,2,1,3.44,Caitlyn,0.5,1,1,2.0,0.1,0.45,0.0,0.45,0.0,JUNGLE,ADC,0.45,0.45,Lee Sin,128.5,5.6,2.58,7.5,6.0,8.0,0.5,2,Kalista,219.5,8.4,2.27,6.5,5.5,6.0,0.0,2,Caitlyn,122,7.8,2.33,3.0,3.0,4.0,1.0,1,Elise,148,5.6,2.5,5.0,4.0,5.0,1.0,1,Vi,175,5.2,2.78,7.0,9.0,18.0,1.0,1,Sejuani,127,5.5,1.25,1.0,4.0,4.0,0.0,1,,0,0,0,0,0,0,0.0,0,Kalista,4.0,1.0,3.0,0.25,Caitlyn,3.0,2.0,1.0,0.67,Lee Sin,3.0,2.0,1.0,0.67,Aphelios,31,Kai'Sa,31,Ezreal,25,Jinx,22,Zeri,20,Maokai,18,Caitlyn,16,Xayah,12,Jhin,16,Varus,12,Ashe,12,Miss Fortune,12,Lucian,10,Kalista,10,Samira,10,,0
NS Jiwoo #KR1,kr,"Thu, Jan 9, 2025 5:18 PM",Sejuani,12,blue,0,23.1,1,4,4,1.25,1.0,0.72,127,5.5,4,CCrazy #KR1,Rumble,Getoutofmyway #kr11,Yone,Riris #KR2,Kalista,No die can win #도 하,Renata Glasc,음 그래그래 #못할수있지,Irelia,품질혁신코드 #KR1,Graves,청두허싱볼려고lpl간다 #KR2,Taliyah,HLE Eclipse3 #KR3,Jinx,HLE Aether #KR30,Lulu,kr,20,10,10,0.5,6.6,5.8,7.8,2.48,0.54,Kalista,0.25,1,3,2.6,Lee Sin,0.67,2,1,3.44,Caitlyn,0.5,1,1,2.0,0.1,0.45,0.0,0.45,0.0,JUNGLE,ADC,0.45,0.45,Lee Sin,128.5,5.6,2.58,7.5,6.0,8.0,0.5,2,Kalista,219.5,8.4,2.27,6.5,5.5,6.0,0.0,2,Caitlyn,122,7.8,2.33,3.0,3.0,4.0,1.0,1,Elise,148,5.6,2.5,5.0,4.0,5.0,1.0,1,Vi,175,5.2,2.78,7.0,9.0,18.0,1.0,1,Sejuani,127,5.5,1.25,1.0,4.0,4.0,0.0,1,,0,0,0,0,0,0,0.0,0,Kalista,4.0,1.0,3.0,0.25,Caitlyn,3.0,2.0,1.0,0.67,Lee Sin,3.0,2.0,1.0,0.67,Aphelios,31,Kai'Sa,31,Ezreal,25,Jinx,22,Zeri,20,Maokai,18,Caitlyn,16,Xayah,12,Jhin,16,Varus,12,Ashe,12,Miss Fortune,12,Lucian,10,Kalista,10,Samira,10,,0
NS Jiwoo #KR1,kr,"Thu, Jan 9, 2025 4:43 PM",Lee Sin,13,blue,1,21.15,9,1,11,20.00,0.65,3.55,143,6.8,4,CCrazy #KR1,Ambessa,당신은 #bee,Lissandra,우후기장 #KR1,Jinx,心态侠 #yyj,Thresh,크샤트리라 #XYZ,Jayce,Japiana #777,Viego,Shout Baby #0123,Galio,BTS #4444,Jhin,ouen #ymk,Neeko,kr,20,10,10,0.5,6.6,5.8,7.8,2.48,0.54,Kalista,0.25,1,3,2.6,Lee Sin,0.67,2,1,3.44,Caitlyn,0.5,1,1,2.0,0.1,0.45,0.0,0.45,0.0,JUNGLE,ADC,0.45,0.45,Lee Sin,128.5,5.6,2.58,7.5,6.0,8.0,0.5,2,Kalista,219.5,8.4,2.27,6.5,5.5,6.0,0.0,2,Caitlyn,122,7.8,2.33,3.0,3.0,4.0,1.0,1,Elise,148,5.6,2.5,5.0,4.0,5.0,1.0,1,Vi,175,5.2,2.78,7.0,9.0,18.0,1.0,1,Sejuani,127,5.5,1.25,1.0,4.0,4.0,0.0,1,,0,0,0,0,0,0,0.0,0,Kalista,4.0,1.0,3.0,0.25,Caitlyn,3.0,2.0,1.0,0.67,Lee Sin,3.0,2.0,1.0,0.67,Aphelios,31,Kai'Sa,31,Ezreal,25,Jinx,22,Zeri,20,Maokai,18,Caitlyn,16,Xayah,12,Jhin,16,Varus,12,Ashe,12,Miss Fortune,12,Lucian,10,Kalista,10,Samira,10,,0
NS Jiwoo #KR1,kr,"Thu, Jan 9, 2025 9:53 AM",Kalista,11,blue,0,18.82,3,0,2,Perfect,0.5,1.56,177,9.4,4,FA Midir #2006,Ambessa,The Last Dance #zzzz,Rek'Sai,wanxiangshen #KR12,Galio,Lehends #KR1,Elise,닝닝왔다 #KR1,Riven,yannick1202 #777,Taliyah,QQQ ESO #KR1,Smolder,매화수 #하이트,Varus,EggPot #Egg,Maokai,kr,20,10,10,0.5,6.6,5.8,7.8,2.48,0.54,Kalista,0.25,1,3,2.6,Lee Sin,0.67,2,1,3.44,Caitlyn,0.5,1,1,2.0,0.1,0.45,0.0,0.45,0.0,JUNGLE,ADC,0.45,0.45,Lee Sin,128.5,5.6,2.58,7.5,6.0,8.0,0.5,2,Kalista,219.5,8.4,2.27,6.5,5.5,6.0,0.0,2,Caitlyn,122,7.8,2.33,3.0,3.0,4.0,1.0,1,Elise,148,5.6,2.5,5.0,4.0,5.0,1.0,1,Vi,175,5.2,2.78,7.0,9.0,18.0,1.0,1,Sejuani,127,5.5,1.25,1.0,4.0,4.0,0.0,1,,0,0,0,0,0,0,0.0,0,Kalista,4.0,1.0,3.0,0.25,Caitlyn,3.0,2.0,1.0,0.67,Lee Sin,3.0,2.0,1.0,0.67,Aphelios,31,Kai'Sa,31,Ezreal,25,Jinx,22,Zeri,20,Maokai,18,Caitlyn,16,Xayah,12,Jhin,16,Varus,12,Ashe,12,Miss Fortune,12,Lucian,10,Kalista,10,Samira,10,,0
NS Jiwoo #KR1,kr,"Thu, Jan 9, 2025 9:29 AM",Kalista,15,red,0,33.2,10,11,10,1.82,0.63,1.27,262,7.9,4,Equinox #fa04,Ornn,카운팅스타 #오윤수,Hecarim,뮤탈리스크 #KR1,LeBlanc,Kirby #kr12,Neeko,FA Midir #2006,K'Sante,Attack Fight #0923,Elise,kakaxi7 #KR1,Galio,읽씹맨 #KR1,Ashe,Destiny #KR1,Leona,kr,20,10,10,0.5,6.6,5.8,7.8,2.48,0.54,Kalista,0.25,1,3,2.6,Lee Sin,0.67,2,1,3.44,Caitlyn,0.5,1,1,2.0,0.1,0.45,0.0,0.45,0.0,JUNGLE,ADC,0.45,0.45,Lee Sin,128.5,5.6,2.58,7.5,6.0,8.0,0.5,2,Kalista,219.5,8.4,2.27,6.5,5.5,6.0,0.0,2,Caitlyn,122,7.8,2.33,3.0,3.0,4.0,1.0,1,Elise,148,5.6,2.5,5.0,4.0,5.0,1.0,1,Vi,175,5.2,2.78,7.0,9.0,18.0,1.0,1,Sejuani,127,5.5,1.25,1.0,4.0,4.0,0.0,1,,0,0,0,0,0,0,0.0,0,Kalista,4.0,1.0,3.0,0.25,Caitlyn,3.0,2.0,1.0,0.67,Lee Sin,3.0,2.0,1.0,0.67,Aphelios,31,Kai'Sa,31,Ezreal,25,Jinx,22,Zeri,20,Maokai,18,Caitlyn,16,Xayah,12,Jhin,16,Varus,12,Ashe,12,Miss Fortune,12,Lucian,10,Kalista,10,Samira,10,,0
NS Jiwoo #KR1,kr,"Tue, Jan 7, 2025 4:52 PM",Viktor,15,blue,0,27.07,8,6,6,2.33,0.82,0.89,215,7.9,3,juicethekidd #0505,Nocturne,kiin #KR1,LeBlanc,홀로서기 #KR3,Ashe,xycg #KR1,Renata Glasc,DDo1V #DNF,Yasuo,뱀의머리 #용의꼬리,Bel'Veth,xinsuixiaogou #6666,Maokai,T1 Gumayusi #KR1,Miss Fortune,yuedu #KR1,Rakan,kr,20,10,10,0.5,6.6,5.8,7.8,2.48,0.54,Kalista,0.25,1,3,2.6,Lee Sin,0.67,2,1,3.44,Caitlyn,0.5,1,1,2.0,0.1,0.45,0.0,0.45,0.0,JUNGLE,ADC,0.45,0.45,Lee Sin,128.5,5.6,2.58,7.5,6.0,8.0,0.5,2,Kalista,219.5,8.4,2.27,6.5,5.5,6.0,0.0,2,Caitlyn,122,7.8,2.33,3.0,3.0,4.0,1.0,1,Elise,148,5.6,2.5,5.0,4.0,5.0,1.0,1,Vi,175,5.2,2.78,7.0,9.0,18.0,1.0,1,Sejuani,127,5.5,1.25,1.0,4.0,4.0,0.0,1,,0,0,0,0,0,0,0.0,0,Kalista,4.0,1.0,3.0,0.25,Caitlyn,3.0,2.0,1.0,0.67,Lee Sin,3.0,2.0,1.0,0.67,Aphelios,31,Kai'Sa,31,Ezreal,25,Jinx,22,Zeri,20,Maokai,18,Caitlyn,16,Xayah,12,Jhin,16,Varus,12,Ashe,12,Miss Fortune,12,Lucian,10,Kalista,10,Samira,10,,0
NS Jiwoo #KR1,kr,"Tue, Jan 7, 2025 4:16 PM",Zyra,18,blue,1,33.72,9,7,16,3.57,0.52,0.82,240,7.1,3,ERSCES #wywq,Gragas,재혁이여친구함 #KR2,Yasuo,xinsuixiaogou #6666,Varus,yuedu #KR1,Nautilus,thichnuocdua #1805,K'Sante,Mercenary Mage #KR1,Karthus,Lovers Rock #KR12,Yone,멍청구리 #0827,Zeri,Phan Ba Phuc #666,Leona,kr,20,10,10,0.5,6.6,5.8,7.8,2.48,0.54,Kalista,0.25,1,3,2.6,Lee Sin,0.67,2,1,3.44,Caitlyn,0.5,1,1,2.0,0.1,0.45,0.0,0.45,0.0,JUNGLE,ADC,0.45,0.45,Lee Sin,128.5,5.6,2.58,7.5,6.0,8.0,0.5,2,Kalista,219.5,8.4,2.27,6.5,5.5,6.0,0.0,2,Caitlyn,122,7.8,2.33,3.0,3.0,4.0,1.0,1,Elise,148,5.6,2.5,5.0,4.0,5.0,1.0,1,Vi,175,5.2,2.78,7.0,9.0,18.0,1.0,1,Sejuani,127,5.5,1.25,1.0,4.0,4.0,0.0,1,,0,0,0,0,0,0,0.0,0,Kalista,4.0,1.0,3.0,0.25,Caitlyn,3.0,2.0,1.0,0.67,Lee Sin,3.0,2.0,1.0,0.67,Aphelios,31,Kai'Sa,31,Ezreal,25,Jinx,22,Zeri,20,Maokai,18,Caitlyn,16,Xayah,12,Jhin,16,Varus,12,Ashe,12,Miss Fortune,12,Lucian,10,Kalista,10,Samira,10,,0
NS Jiwoo #KR1,kr,"Tue, Jan 7, 2025 3:30 PM",Gnar,16,red,1,27.8,5,7,5,1.43,0.38,0.89,211,7.6,3,푸바오1 #yaha,Viego,xia1 #11111,Gragas,쪼망이 #KR 1,Jhin,동민 정글 #KR1,Tahm Kench,thichnuocdua #1805,K'Sante,bom #jojo1,Vi,엔믹스 해원 #농담곰,Ahri,YouTube코즈히메 #벨코즈킹,Vel'Koz,미 니 #7777,Karma,kr,20,10,10,0.5,6.6,5.8,7.8,2.48,0.54,Kalista,0.25,1,3,2.6,Lee Sin,0.67,2,1,3.44,Caitlyn,0.5,1,1,2.0,0.1,0.45,0.0,0.45,0.0,JUNGLE,ADC,0.45,0.45,Lee Sin,128.5,5.6,2.58,7.5,6.0,8.0,0.5,2,Kalista,219.5,8.4,2.27,6.5,5.5,6.0,0.0,2,Caitlyn,122,7.8,2.33,3.0,3.0,4.0,1.0,1,Elise,148,5.6,2.5,5.0,4.0,5.0,1.0,1,Vi,175,5.2,2.78,7.0,9.0,18.0,1.0,1,Sejuani,127,5.5,1.25,1.0,4.0,4.0,0.0,1,,0,0,0,0,0,0,0.0,0,Kalista,4.0,1.0,3.0,0.25,Caitlyn,3.0,2.0,1.0,0.67,Lee Sin,3.0,2.0,1.0,0.67,Aphelios,31,Kai'Sa,31,Ezreal,25,Jinx,22,Zeri,20,Maokai,18,Caitlyn,16,Xayah,12,Jhin,16,Varus,12,Ashe,12,Miss Fortune,12,Lucian,10,Kalista,10,Samira,10,,0
NS Jiwoo #KR1,kr,"Tue, Jan 7, 2025 2:50 PM",Smolder,15,blue,0,31.48,4,10,5,0.90,0.3,0.22,272,8.6,2,이름없는 방패 #KR1,Malphite,Mercenary Mage #KR1,Karthus,wozaoyichenlun #xxxxx,Talon,YouTube코즈히메 #벨코즈킹,Maokai,무채색 #03030,Sylas,0l불 밖은 우l험ぁH #zzZ,Nidalee,Fight ForFreedom #人间中毒,Jayce,Bot01 #KR3,Miss Fortune,Pooh #KR5,Alistar,kr,20,10,10,0.5,6.6,5.8,7.8,2.48,0.54,Kalista,0.25,1,3,2.6,Lee Sin,0.67,2,1,3.44,Caitlyn,0.5,1,1,2.0,0.1,0.45,0.0,0.45,0.0,JUNGLE,ADC,0.45,0.45,Lee Sin,128.5,5.6,2.58,7.5,6.0,8.0,0.5,2,Kalista,219.5,8.4,2.27,6.5,5.5,6.0,0.0,2,Caitlyn,122,7.8,2.33,3.0,3.0,4.0,1.0,1,Elise,148,5.6,2.5,5.0,4.0,5.0,1.0,1,Vi,175,5.2,2.78,7.0,9.0,18.0,1.0,1,Sejuani,127,5.5,1.25,1.0,4.0,4.0,0.0,1,,0,0,0,0,0,0,0.0,0,Kalista,4.0,1.0,3.0,0.25,Caitlyn,3.0,2.0,1.0,0.67,Lee Sin,3.0,2.0,1.0,0.67,Aphelios,31,Kai'Sa,31,Ezreal,25,Jinx,22,Zeri,20,Maokai,18,Caitlyn,16,Xayah,12,Jhin,16,Varus,12,Ashe,12,Miss Fortune,12,Lucian,10,Kalista,10,Samira,10,,0
NS Jiwoo #KR1,kr,"Mon, Jan 6, 2025 7:37 PM",Yasuo,15,blue,1,29.08,1,10,13,1.40,0.42,0.39,196,6.7,2,성문왕자 #0502,Renekton,Shylie #KR1,Diana,HyeonJu #ZZang,Akshan,이스굿 #KR1,Skarner,Ripple #2006,K'Sante,大西瓜 #zypp,Gwen,SOODANGKIM #KR12,Qiyana,헤리z #6666,Jhin,엘 에이 씨티 #LA CT,Maokai,kr,20,10,10,0.5,6.6,5.8,7.8,2.48,0.54,Kalista,0.25,1,3,2.6,Lee Sin,0.67,2,1,3.44,Caitlyn,0.5,1,1,2.0,0.1,0.45,0.0,0.45,0.0,JUNGLE,ADC,0.45,0.45,Lee Sin,128.5,5.6,2.58,7.5,6.0,8.0,0.5,2,Kalista,219.5,8.4,2.27,6.5,5.5,6.0,0.0,2,Caitlyn,122,7.8,2.33,3.0,3.0,4.0,1.0,1,Elise,148,5.6,2.5,5.0,4.0,5.0,1.0,1,Vi,175,5.2,2.78,7.0,9.0,18.0,1.0,1,Sejuani,127,5.5,1.25,1.0,4.0,4.0,0.0,1,,0,0,0,0,0,0,0.0,0,Kalista,4.0,1.0,3.0,0.25,Caitlyn,3.0,2.0,1.0,0.67,Lee Sin,3.0,2.0,1.0,0.67,Aphelios,31,Kai'Sa,31,Ezreal,25,Jinx,22,Zeri,20,Maokai,18,Caitlyn,16,Xayah,12,Jhin,16,Varus,12,Ashe,12,Miss Fortune,12,Lucian,10,Kalista,10,Samira,10,,0
NS Jiwoo #KR1,kr,"Mon, Jan 6, 2025 6:50 PM",Nocturne,17,red,1,32.58,7,6,15,3.67,0.48,2.33,247,7.6,3,bebettertogether #KR1,Jayce,CICADA #YUuh,Sylas,FA휘파 #zepa,Miss Fortune,yuedu #KR1,Rakan,무채색 #03030,K'Sante,memories #最后一舞,Skarner,불평없이 살아보기 #차카게살자,Aurora,xinsuixiaogou #6666,Ashe,태기베어 #KR2,Pyke,kr,20,10,10,0.5,6.6,5.8,7.8,2.48,0.54,Kalista,0.25,1,3,2.6,Lee Sin,0.67,2,1,3.44,Caitlyn,0.5,1,1,2.0,0.1,0.45,0.0,0.45,0.0,JUNGLE,ADC,0.45,0.45,Lee Sin,128.5,5.6,2.58,7.5,6.0,8.0,0.5,2,Kalista,219.5,8.4,2.27,6.5,5.5,6.0,0.0,2,Caitlyn,122,7.8,2.33,3.0,3.0,4.0,1.0,1,Elise,148,5.6,2.5,5.0,4.0,5.0,1.0,1,Vi,175,5.2,2.78,7.0,9.0,18.0,1.0,1,Sejuani,127,5.5,1.25,1.0,4.0,4.0,0.0,1,,0,0,0,0,0,0,0.0,0,Kalista,4.0,1.0,3.0,0.25,Caitlyn,3.0,2.0,1.0,0.67,Lee Sin,3.0,2.0,1.0,0.67,Aphelios,31,Kai'Sa,31,Ezreal,25,Jinx,22,Zeri,20,Maokai,18,Caitlyn,16,Xayah,12,Jhin,16,Varus,12,Ashe,12,Miss Fortune,12,Lucian,10,Kalista,10,Samira,10,,0
NS Jiwoo #KR1,kr,"Mon, Jan 6, 2025 6:07 PM",Samira,8,blue,0,15.37,4,3,0,1.33,0.67,0.67,76,4.9,2,카운팅스타 #오윤수,Maokai,jugtao #hkl,Ekko,하얗고예쁨 #KR1,Yone,OneZang #KR99,Pyke,초코물떡 #asdf,Ambessa,Hegzzz #2020,Lillia,GEN G MID TEST #KR1,Renekton,드림카카오56 #累啊66,Ezreal,Aishimian #3636,Rakan,kr,20,10,10,0.5,6.6,5.8,7.8,2.48,0.54,Kalista,0.25,1,3,2.6,Lee Sin,0.67,2,1,3.44,Caitlyn,0.5,1,1,2.0,0.1,0.45,0.0,0.45,0.0,JUNGLE,ADC,0.45,0.45,Lee Sin,128.5,5.6,2.58,7.5,6.0,8.0,0.5,2,Kalista,219.5,8.4,2.27,6.5,5.5,6.0,0.0,2,Caitlyn,122,7.8,2.33,3.0,3.0,4.0,1.0,1,Elise,148,5.6,2.5,5.0,4.0,5.0,1.0,1,Vi,175,5.2,2.78,7.0,9.0,18.0,1.0,1,Sejuani,127,5.5,1.25,1.0,4.0,4.0,0.0,1,,0,0,0,0,0,0,0.0,0,Kalista,4.0,1.0,3.0,0.25,Caitlyn,3.0,2.0,1.0,0.67,Lee Sin,3.0,2.0,1.0,0.67,Aphelios,31,Kai'Sa,31,Ezreal,25,Jinx,22,Zeri,20,Maokai,18,Caitlyn,16,Xayah,12,Jhin,16,Varus,12,Ashe,12,Miss Fortune,12,Lucian,10,Kalista,10,Samira,10,,0
NS Jiwoo #KR1,kr,"Mon, Jan 6, 2025 5:45 PM",Caitlyn,9,red,0,15.43,4,4,3,1.75,0.78,1.27,126,8.2,3,형편없는 처지 #Good,Jayce,jugtao #hkl,Ekko,GEN G MID TEST #KR1,Corki,qweasdqweasdb #1372,Lux,간디도롤하면폭력 #레문123,Renekton,pop9 #KR1,Nocturne,JzJd #2628,Hwei,FA휘파 #zepa,Ashe,Pollu #0107,Seraphine,kr,20,10,10,0.5,6.6,5.8,7.8,2.48,0.54,Kalista,0.25,1,3,2.6,Lee Sin,0.67,2,1,3.44,Caitlyn,0.5,1,1,2.0,0.1,0.45,0.0,0.45,0.0,JUNGLE,ADC,0.45,0.45,Lee Sin,128.5,5.6,2.58,7.5,6.0,8.0,0.5,2,Kalista,219.5,8.4,2.27,6.5,5.5,6.0,0.0,2,Caitlyn,122,7.8,2.33,3.0,3.0,4.0,1.0,1,Elise,148,5.6,2.5,5.0,4.0,5.0,1.0,1,Vi,175,5.2,2.78,7.0,9.0,18.0,1.0,1,Sejuani,127,5.5,1.25,1.0,4.0,4.0,0.0,1,,0,0,0,0,0,0,0.0,0,Kalista,4.0,1.0,3.0,0.25,Caitlyn,3.0,2.0,1.0,0.67,Lee Sin,3.0,2.0,1.0,0.67,Aphelios,31,Kai'Sa,31,Ezreal,25,Jinx,22,Zeri,20,Maokai,18,Caitlyn,16,Xayah,12,Jhin,16,Varus,12,Ashe,12,Miss Fortune,12,Lucian,10,Kalista,10,Samira,10,,0
NS Jiwoo #KR1,kr,"Mon, Jan 6, 2025 5:21 PM",Nidalee,15,blue,0,28.0,17,6,12,4.83,0.74,4.88,185,6.6,2,간디도롤하면폭력 #레문123,Renekton,물레방아 #BRO,Irelia,HENA FAN #123,Corki,극도쾌락 #KR1,Nautilus,Ripple #2006,K'Sante,Shallow dream #iusup,Taliyah,성문왕자 #0502,Sylas,DRX Teddy #멍청이,Jinx,나는먼지 #KR11,Leona,kr,20,10,10,0.5,6.6,5.8,7.8,2.48,0.54,Kalista,0.25,1,3,2.6,Lee Sin,0.67,2,1,3.44,Caitlyn,0.5,1,1,2.0,0.1,0.45,0.0,0.45,0.0,JUNGLE,ADC,0.45,0.45,Lee Sin,128.5,5.6,2.58,7.5,6.0,8.0,0.5,2,Kalista,219.5,8.4,2.27,6.5,5.5,6.0,0.0,2,Caitlyn,122,7.8,2.33,3.0,3.0,4.0,1.0,1,Elise,148,5.6,2.5,5.0,4.0,5.0,1.0,1,Vi,175,5.2,2.78,7.0,9.0,18.0,1.0,1,Sejuani,127,5.5,1.25,1.0,4.0,4.0,0.0,1,,0,0,0,0,0,0,0.0,0,Kalista,4.0,1.0,3.0,0.25,Caitlyn,3.0,2.0,1.0,0.67,Lee Sin,3.0,2.0,1.0,0.67,Aphelios,31,Kai'Sa,31,Ezreal,25,Jinx,22,Zeri,20,Maokai,18,Caitlyn,16,Xayah,12,Jhin,16,Varus,12,Ashe,12,Miss Fortune,12,Lucian,10,Kalista,10,Samira,10,,0
NS Jiwoo #KR1,kr,"Mon, Jan 6, 2025 4:43 PM",Lee Sin,15,red,1,25.78,10,4,14,6.00,0.67,1.7,161,6.2,3,海牛阿福的勇士 #666,Jayce,Bell #명 종,Qiyana,aidorusama #KR1,Ezreal,엄기천 #0325,Galio,초코물떡 #asdf,Aurora,Meoicontired #Hizto,Sejuani,JzJd #2628,Ambessa,집 착 #228,Kai'Sa,스타 오르카 #K R,Elise,kr,20,10,10,0.5,6.6,5.8,7.8,2.48,0.54,Kalista,0.25,1,3,2.6,Lee Sin,0.67,2,1,3.44,Caitlyn,0.5,1,1,2.0,0.1,0.45,0.0,0.45,0.0,JUNGLE,ADC,0.45,0.45,Lee Sin,128.5,5.6,2.58,7.5,6.0,8.0,0.5,2,Kalista,219.5,8.4,2.27,6.5,5.5,6.0,0.0,2,Caitlyn,122,7.8,2.33,3.0,3.0,4.0,1.0,1,Elise,148,5.6,2.5,5.0,4.0,5.0,1.0,1,Vi,175,5.2,2.78,7.0,9.0,18.0,1.0,1,Sejuani,127,5.5,1.25,1.0,4.0,4.0,0.0,1,,0,0,0,0,0,0,0.0,0,Kalista,4.0,1.0,3.0,0.25,Caitlyn,3.0,2.0,1.0,0.67,Lee Sin,3.0,2.0,1.0,0.67,Aphelios,31,Kai'Sa,31,Ezreal,25,Jinx,22,Zeri,20,Maokai,18,Caitlyn,16,Xayah,12,Jhin,16,Varus,12,Ashe,12,Miss Fortune,12,Lucian,10,Kalista,10,Samira,10,,0
NS Jiwoo #KR1,kr,"Fri, Jan 3, 2025 7:24 PM",Kalista,14,red,0,24.73,9,7,4,1.86,0.76,1.56,231,9.3,2,청포도육포 #KR1,K'Sante,DK Sharvel #KR1,Kindred,alea iacta est #3516,Sylas,OMG Moham #OMG,Taric,Pure Imagination #sleep,Rumble,막판스퍼트 #KR0,Vi,HyeonJu #ZZang,Akshan,Qian #Virgo,Ashe,cikcik #KR1,Skarner,kr,20,10,10,0.5,6.6,5.8,7.8,2.48,0.54,Kalista,0.25,1,3,2.6,Lee Sin,0.67,2,1,3.44,Caitlyn,0.5,1,1,2.0,0.1,0.45,0.0,0.45,0.0,JUNGLE,ADC,0.45,0.45,Lee Sin,128.5,5.6,2.58,7.5,6.0,8.0,0.5,2,Kalista,219.5,8.4,2.27,6.5,5.5,6.0,0.0,2,Caitlyn,122,7.8,2.33,3.0,3.0,4.0,1.0,1,Elise,148,5.6,2.5,5.0,4.0,5.0,1.0,1,Vi,175,5.2,2.78,7.0,9.0,18.0,1.0,1,Sejuani,127,5.5,1.25,1.0,4.0,4.0,0.0,1,,0,0,0,0,0,0,0.0,0,Kalista,4.0,1.0,3.0,0.25,Caitlyn,3.0,2.0,1.0,0.67,Lee Sin,3.0,2.0,1.0,0.67,Aphelios,31,Kai'Sa,31,Ezreal,25,Jinx,22,Zeri,20,Maokai,18,Caitlyn,16,Xayah,12,Jhin,16,Varus,12,Ashe,12,Miss Fortune,12,Lucian,10,Kalista,10,Samira,10,,0
Ben10 #203,vn,"Thu, Dec 26, 2024 12:51 PM",Katarina,16,blue,1,25.43,12,4,8,5.00,0.65,1.17,184,7.2,2,C 7 L #08102,Gangplank,THE IMMORTAL #2003,Gragas,kata100 #2710,Jinx,Neap #Hina,Pyke,Emery #0101,Ambessa,XercesBlue #2250,Pantheon,Diệu Nguyệt Lan #DNL,Taliyah,Yellow #ibey,Corki,Zero ZhinTian #99999,Taric,vn,20,13,7,0.65,7.0,3.4,6.2,3.88,0.55,Katarina,0.71,10,4,4.21,Ashe,1.0,2,0,3.44,Lissandra,0.0,0,2,3.0,0.05,0.0,0.8,0.15,0.0,MID,ADC,0.8,0.15,Katarina,157.1,6.4,3.21,9.4,4.9,6.1,0.63,163,Rell,22.9,0.9,3.61,1.7,5.2,17.0,0.58,62,Viego,180.2,7,2.88,7.9,4.9,6.2,0.47,19,Lissandra,176.3,6.8,2.64,4.1,4.9,8.8,0.29,17,Braum,23.2,1,3.38,1.1,4.8,15.1,0.7,10,Taliyah,196.5,7.2,3.14,8.1,5.5,9.1,0.5,8,Nidalee,154.6,5.7,2.17,5.8,5.8,6.8,0.4,5,,,,,,,,,,,,,,,,Katarina,67,Yasuo,35,Riven,17,Lee Sin,16,Nidalee,16,Lucian,15,Master Yi,13,Kai'Sa,12,Thresh,12,Irelia,11,Rell,11,Zed,10,Darius,10,Garen,10,,0,,0
Ben10 #203,vn,"Thu, Dec 26, 2024 12:09 PM",Ashe,14,blue,1,26.7,2,3,10,4.00,0.44,0.82,174,6.5,1,Emery #0101,Olaf,ZEN SCP #2005,Viego,Diệu Nguyệt Lan #DNL,Taliyah,Blueberry #sad,Lulu,Say Love Pun #0211,Fiora,THE IMMORTAL #2003,Jarvan IV,Xiee1 #0624,Ahri,cold heart #999,Viktor,Allin CuongNho #Allin,Alistar,vn,20,13,7,0.65,7.0,3.4,6.2,3.88,0.55,Katarina,0.71,10,4,4.21,Ashe,1.0,2,0,3.44,Lissandra,0.0,0,2,3.0,0.05,0.0,0.8,0.15,0.0,MID,ADC,0.8,0.15,Katarina,157.1,6.4,3.21,9.4,4.9,6.1,0.63,163,Rell,22.9,0.9,3.61,1.7,5.2,17.0,0.58,62,Viego,180.2,7,2.88,7.9,4.9,6.2,0.47,19,Lissandra,176.3,6.8,2.64,4.1,4.9,8.8,0.29,17,Braum,23.2,1,3.38,1.1,4.8,15.1,0.7,10,Taliyah,196.5,7.2,3.14,8.1,5.5,9.1,0.5,8,Nidalee,154.6,5.7,2.17,5.8,5.8,6.8,0.4,5,,,,,,,,,,,,,,,,Katarina,67,Yasuo,35,Riven,17,Lee Sin,16,Nidalee,16,Lucian,15,Master Yi,13,Kai'Sa,12,Thresh,12,Irelia,11,Rell,11,Zed,10,Darius,10,Garen,10,,0,,0
Ben10 #203,vn,"Thu, Dec 26, 2024 11:32 AM",Katarina,11,blue,1,16.12,4,1,4,8.00,0.38,1.86,110,6.8,2,Diggory Artist #vn1,Renekton,T D #14065,Taliyah,Odnoliub #meooo,Corki,K A I L K A L Y #hehe,Karma,Arambu #1337,Maokai,Dopa Up #1996,Graves,Walker #0309,Azir,Xiee1 #0624,Hwei,lordaun #9696,Braum,vn,20,13,7,0.65,7.0,3.4,6.2,3.88,0.55,Katarina,0.71,10,4,4.21,Ashe,1.0,2,0,3.44,Lissandra,0.0,0,2,3.0,0.05,0.0,0.8,0.15,0.0,MID,ADC,0.8,0.15,Katarina,157.1,6.4,3.21,9.4,4.9,6.1,0.63,163,Rell,22.9,0.9,3.61,1.7,5.2,17.0,0.58,62,Viego,180.2,7,2.88,7.9,4.9,6.2,0.47,19,Lissandra,176.3,6.8,2.64,4.1,4.9,8.8,0.29,17,Braum,23.2,1,3.38,1.1,4.8,15.1,0.7,10,Taliyah,196.5,7.2,3.14,8.1,5.5,9.1,0.5,8,Nidalee,154.6,5.7,2.17,5.8,5.8,6.8,0.4,5,,,,,,,,,,,,,,,,Katarina,67,Yasuo,35,Riven,17,Lee Sin,16,Nidalee,16,Lucian,15,Master Yi,13,Kai'Sa,12,Thresh,12,Irelia,11,Rell,11,Zed,10,Darius,10,Garen,10,,0,,0
Ben10 #203,vn,"Thu, Dec 26, 2024 11:07 AM",Katarina,11,red,1,15.57,5,2,3,4.00,0.57,2.23,119,7.6,2,Ping con mẹ m #8888,Maokai,光 进 Vitbong #1407,Bel'Veth,Lorelei #kura,Ezreal,Tiên Cô Hút Cầnn #VN2,Seraphine,チーズ #2305,Gwen,Nèng Thơ #9999,Graves,T1 Werlys #zeros,Aurora,리오1 #KOR,Jinx,Tini #xink,Milio,vn,20,13,7,0.65,7.0,3.4,6.2,3.88,0.55,Katarina,0.71,10,4,4.21,Ashe,1.0,2,0,3.44,Lissandra,0.0,0,2,3.0,0.05,0.0,0.8,0.15,0.0,MID,ADC,0.8,0.15,Katarina,157.1,6.4,3.21,9.4,4.9,6.1,0.63,163,Rell,22.9,0.9,3.61,1.7,5.2,17.0,0.58,62,Viego,180.2,7,2.88,7.9,4.9,6.2,0.47,19,Lissandra,176.3,6.8,2.64,4.1,4.9,8.8,0.29,17,Braum,23.2,1,3.38,1.1,4.8,15.1,0.7,10,Taliyah,196.5,7.2,3.14,8.1,5.5,9.1,0.5,8,Nidalee,154.6,5.7,2.17,5.8,5.8,6.8,0.4,5,,,,,,,,,,,,,,,,Katarina,67,Yasuo,35,Riven,17,Lee Sin,16,Nidalee,16,Lucian,15,Master Yi,13,Kai'Sa,12,Thresh,12,Irelia,11,Rell,11,Zed,10,Darius,10,Garen,10,,0,,0
Ben10 #203,vn,"Thu, Dec 26, 2024 10:45 AM",Katarina,16,blue,1,27.23,10,2,6,8.00,0.5,1.63,209,7.7,1,winter 1ov3 #2703,Renekton,Cún Xink iu #9999,Viego,estella #111,Corki,Blueberry #sad,Soraka,THE IMMORTAL #2003,Gragas,huyly #hkiet,Graves,ADCFeed #11111,Galio,nimymu #1412,Lucian,m z #2211,Yuumi,vn,20,13,7,0.65,7.0,3.4,6.2,3.88,0.55,Katarina,0.71,10,4,4.21,Ashe,1.0,2,0,3.44,Lissandra,0.0,0,2,3.0,0.05,0.0,0.8,0.15,0.0,MID,ADC,0.8,0.15,Katarina,157.1,6.4,3.21,9.4,4.9,6.1,0.63,163,Rell,22.9,0.9,3.61,1.7,5.2,17.0,0.58,62,Viego,180.2,7,2.88,7.9,4.9,6.2,0.47,19,Lissandra,176.3,6.8,2.64,4.1,4.9,8.8,0.29,17,Braum,23.2,1,3.38,1.1,4.8,15.1,0.7,10,Taliyah,196.5,7.2,3.14,8.1,5.5,9.1,0.5,8,Nidalee,154.6,5.7,2.17,5.8,5.8,6.8,0.4,5,,,,,,,,,,,,,,,,Katarina,67,Yasuo,35,Riven,17,Lee Sin,16,Nidalee,16,Lucian,15,Master Yi,13,Kai'Sa,12,Thresh,12,Irelia,11,Rell,11,Zed,10,Darius,10,Garen,10,,0,,0
Ben10 #203,vn,"Thu, Dec 26, 2024 10:06 AM",Ashe,13,blue,1,24.47,4,6,15,3.17,0.61,0.39,144,5.9,2,estella #111,Bel'Veth,MeowDeMoon #0511,Graves,HyD 齊天大聖 #6688,Kennen,Xom #2k6,Braum,policepoko #1084,Garen,huyly #hkiet,Lee Sin,Kash #R850,LeBlanc,Hoc gioi hat hay #12345,Vayne,Blueberry #sad,Lulu,vn,20,13,7,0.65,7.0,3.4,6.2,3.88,0.55,Katarina,0.71,10,4,4.21,Ashe,1.0,2,0,3.44,Lissandra,0.0,0,2,3.0,0.05,0.0,0.8,0.15,0.0,MID,ADC,0.8,0.15,Katarina,157.1,6.4,3.21,9.4,4.9,6.1,0.63,163,Rell,22.9,0.9,3.61,1.7,5.2,17.0,0.58,62,Viego,180.2,7,2.88,7.9,4.9,6.2,0.47,19,Lissandra,176.3,6.8,2.64,4.1,4.9,8.8,0.29,17,Braum,23.2,1,3.38,1.1,4.8,15.1,0.7,10,Taliyah,196.5,7.2,3.14,8.1,5.5,9.1,0.5,8,Nidalee,154.6,5.7,2.17,5.8,5.8,6.8,0.4,5,,,,,,,,,,,,,,,,Katarina,67,Yasuo,35,Riven,17,Lee Sin,16,Nidalee,16,Lucian,15,Master Yi,13,Kai'Sa,12,Thresh,12,Irelia,11,Rell,11,Zed,10,Darius,10,Garen,10,,0,,0
Ben10 #203,vn,"Thu, Dec 26, 2024 7:51 AM",Katarina,14,red,1,25.67,6,2,10,8.00,0.59,1.27,144,5.6,2,GEN Chovy #4252,Renekton,tiphat #7272,Viego,Thần Tiên Tỉ Tỉ #cuniu,Jhin,Zero ZhinTian #99999,Zilean,sWindz #sWz,K'Sante,Future Playcool #10608,Lee Sin,bad christmas #hqn,Ryze,FLTxNhatCuong #1494,Ashe,lovely lạc #luv u,Lulu,vn,20,13,7,0.65,7.0,3.4,6.2,3.88,0.55,Katarina,0.71,10,4,4.21,Ashe,1.0,2,0,3.44,Lissandra,0.0,0,2,3.0,0.05,0.0,0.8,0.15,0.0,MID,ADC,0.8,0.15,Katarina,157.1,6.4,3.21,9.4,4.9,6.1,0.63,163,Rell,22.9,0.9,3.61,1.7,5.2,17.0,0.58,62,Viego,180.2,7,2.88,7.9,4.9,6.2,0.47,19,Lissandra,176.3,6.8,2.64,4.1,4.9,8.8,0.29,17,Braum,23.2,1,3.38,1.1,4.8,15.1,0.7,10,Taliyah,196.5,7.2,3.14,8.1,5.5,9.1,0.5,8,Nidalee,154.6,5.7,2.17,5.8,5.8,6.8,0.4,5,,,,,,,,,,,,,,,,Katarina,67,Yasuo,35,Riven,17,Lee Sin,16,Nidalee,16,Lucian,15,Master Yi,13,Kai'Sa,12,Thresh,12,Irelia,11,Rell,11,Zed,10,Darius,10,Garen,10,,0,,0
Ben10 #203,vn,"Thu, Dec 26, 2024 6:02 AM",Kai'Sa,12,red,1,23.13,5,2,4,4.50,0.35,1.04,191,8.3,2,Doran #ken,Renekton,nrthamerica #VN2,Viego,SKT Wolverine #3116,Malzahar,Diệu Linh #Bao,Nautilus,ÔngHoàngNhạcTrôi #2025,Trundle,迭武德 #19 28,Gragas,Born to di1 #9999,Ambessa,LSG Ryan #VN2,Jinx,Portalking #Puppy,Milio,vn,20,13,7,0.65,7.0,3.4,6.2,3.88,0.55,Katarina,0.71,10,4,4.21,Ashe,1.0,2,0,3.44,Lissandra,0.0,0,2,3.0,0.05,0.0,0.8,0.15,0.0,MID,ADC,0.8,0.15,Katarina,157.1,6.4,3.21,9.4,4.9,6.1,0.63,163,Rell,22.9,0.9,3.61,1.7,5.2,17.0,0.58,62,Viego,180.2,7,2.88,7.9,4.9,6.2,0.47,19,Lissandra,176.3,6.8,2.64,4.1,4.9,8.8,0.29,17,Braum,23.2,1,3.38,1.1,4.8,15.1,0.7,10,Taliyah,196.5,7.2,3.14,8.1,5.5,9.1,0.5,8,Nidalee,154.6,5.7,2.17,5.8,5.8,6.8,0.4,5,,,,,,,,,,,,,,,,Katarina,67,Yasuo,35,Riven,17,Lee Sin,16,Nidalee,16,Lucian,15,Master Yi,13,Kai'Sa,12,Thresh,12,Irelia,11,Rell,11,Zed,10,Darius,10,Garen,10,,0,,0
Ben10 #203,vn,"Thu, Dec 26, 2024 5:16 AM",Katarina,13,red,0,21.62,12,6,4,2.67,0.64,1.04,138,6.4,3,runnowwwwwwwwwww #2003,Maokai,Linhhh #1702,Graves,Vớ Vẩn Linh Tinh #7253,Jhin,Çôñg #VN2,Warwick,NofFanz #oio,Cho'Gath,P z #8888,Kayn,Đỷ Chó #KG68,Syndra,nhuylaso1 #9903,Kalista,sao em vô tình #atu,Braum,vn,20,13,7,0.65,7.0,3.4,6.2,3.88,0.55,Katarina,0.71,10,4,4.21,Ashe,1.0,2,0,3.44,Lissandra,0.0,0,2,3.0,0.05,0.0,0.8,0.15,0.0,MID,ADC,0.8,0.15,Katarina,157.1,6.4,3.21,9.4,4.9,6.1,0.63,163,Rell,22.9,0.9,3.61,1.7,5.2,17.0,0.58,62,Viego,180.2,7,2.88,7.9,4.9,6.2,0.47,19,Lissandra,176.3,6.8,2.64,4.1,4.9,8.8,0.29,17,Braum,23.2,1,3.38,1.1,4.8,15.1,0.7,10,Taliyah,196.5,7.2,3.14,8.1,5.5,9.1,0.5,8,Nidalee,154.6,5.7,2.17,5.8,5.8,6.8,0.4,5,,,,,,,,,,,,,,,,Katarina,67,Yasuo,35,Riven,17,Lee Sin,16,Nidalee,16,Lucian,15,Master Yi,13,Kai'Sa,12,Thresh,12,Irelia,11,Rell,11,Zed,10,Darius,10,Garen,10,,0,,0
Ben10 #203,vn,"Wed, Dec 25, 2024 10:59 PM",Katarina,11,blue,0,17.23,6,4,5,2.75,0.65,0.82,106,6.2,3,사랑해 Meii #2002,Aatrox,Love Yourself #8888,Lee Sin,Alice #Mon,Lucian,Tuấn Phạm HP #9999,Tahm Kench,Hạ Thiên #9999,Camille,T O P 최승현 #5343,Bel'Veth,Tupac #Dear,Ryze,Thỏphêcỏ #21065,Samira,Мирная жизнь #NewT,Nautilus,vn,20,13,7,0.65,7.0,3.4,6.2,3.88,0.55,Katarina,0.71,10,4,4.21,Ashe,1.0,2,0,3.44,Lissandra,0.0,0,2,3.0,0.05,0.0,0.8,0.15,0.0,MID,ADC,0.8,0.15,Katarina,157.1,6.4,3.21,9.4,4.9,6.1,0.63,163,Rell,22.9,0.9,3.61,1.7,5.2,17.0,0.58,62,Viego,180.2,7,2.88,7.9,4.9,6.2,0.47,19,Lissandra,176.3,6.8,2.64,4.1,4.9,8.8,0.29,17,Braum,23.2,1,3.38,1.1,4.8,15.1,0.7,10,Taliyah,196.5,7.2,3.14,8.1,5.5,9.1,0.5,8,Nidalee,154.6,5.7,2.17,5.8,5.8,6.8,0.4,5,,,,,,,,,,,,,,,,Katarina,67,Yasuo,35,Riven,17,Lee Sin,16,Nidalee,16,Lucian,15,Master Yi,13,Kai'Sa,12,Thresh,12,Irelia,11,Rell,11,Zed,10,Darius,10,Garen,10,,0,,0
Ben10 #203,vn,"Wed, Dec 25, 2024 10:22 PM",Lissandra,17,blue,0,31.75,5,4,11,4.00,0.7,0.85,238,7.5,2,FLTxNhatCuong #1494,Irelia,bad christmas #hqn,Nidalee,Danh Trần #61020,Corki,Jian SuiYing #简隋英,Nami,Hannibal Lecter #71310,Jayce,Kioaeunh #DTG,Nocturne,Habibi #qh04,Akali,CR7 GOAT SIUUUUU #1985,Ashe,babu ahihi #babu,Braum,vn,20,13,7,0.65,7.0,3.4,6.2,3.88,0.55,Katarina,0.71,10,4,4.21,Ashe,1.0,2,0,3.44,Lissandra,0.0,0,2,3.0,0.05,0.0,0.8,0.15,0.0,MID,ADC,0.8,0.15,Katarina,157.1,6.4,3.21,9.4,4.9,6.1,0.63,163,Rell,22.9,0.9,3.61,1.7,5.2,17.0,0.58,62,Viego,180.2,7,2.88,7.9,4.9,6.2,0.47,19,Lissandra,176.3,6.8,2.64,4.1,4.9,8.8,0.29,17,Braum,23.2,1,3.38,1.1,4.8,15.1,0.7,10,Taliyah,196.5,7.2,3.14,8.1,5.5,9.1,0.5,8,Nidalee,154.6,5.7,2.17,5.8,5.8,6.8,0.4,5,,,,,,,,,,,,,,,,Katarina,67,Yasuo,35,Riven,17,Lee Sin,16,Nidalee,16,Lucian,15,Master Yi,13,Kai'Sa,12,Thresh,12,Irelia,11,Rell,11,Zed,10,Darius,10,Garen,10,,0,,0
Ben10 #203,vn,"Wed, Dec 25, 2024 9:45 PM",Katarina,11,blue,1,15.33,12,1,5,17.00,0.74,3.76,115,7.5,2,Danh Trần #61020,Malphite,Kioaeunh #DTG,Nocturne,CR7 GOAT SIUUUUU #1985,Corki,em gái lầu dưới #Saruu,Nami,Habibi #qh04,Viktor,NHĐăng #dnh,Kha'Zix,FLTxNhatCuong #1494,Yone,AD1 #BOT2,Caitlyn,Jian SuiYing #简隋英,Karma,vn,20,13,7,0.65,7.0,3.4,6.2,3.88,0.55,Katarina,0.71,10,4,4.21,Ashe,1.0,2,0,3.44,Lissandra,0.0,0,2,3.0,0.05,0.0,0.8,0.15,0.0,MID,ADC,0.8,0.15,Katarina,157.1,6.4,3.21,9.4,4.9,6.1,0.63,163,Rell,22.9,0.9,3.61,1.7,5.2,17.0,0.58,62,Viego,180.2,7,2.88,7.9,4.9,6.2,0.47,19,Lissandra,176.3,6.8,2.64,4.1,4.9,8.8,0.29,17,Braum,23.2,1,3.38,1.1,4.8,15.1,0.7,10,Taliyah,196.5,7.2,3.14,8.1,5.5,9.1,0.5,8,Nidalee,154.6,5.7,2.17,5.8,5.8,6.8,0.4,5,,,,,,,,,,,,,,,,Katarina,67,Yasuo,35,Riven,17,Lee Sin,16,Nidalee,16,Lucian,15,Master Yi,13,Kai'Sa,12,Thresh,12,Irelia,11,Rell,11,Zed,10,Darius,10,Garen,10,,0,,0
Ben10 #203,vn,"Wed, Dec 25, 2024 9:19 PM",Katarina,11,red,1,15.38,5,0,1,Perfect,0.33,1.27,103,6.7,2,FLTxNhatCuong #1494,Yone,Kioaeunh #DTG,Kha'Zix,CR7 GOAT SIUUUUU #1985,Miss Fortune,Jian SuiYing #简隋英,Seraphine,Habibi #qh04,Viktor,Mèo つωつ #Luck,Bel'Veth,bad christmas #hqn,Irelia,sweetie ezi #2206,Kai'Sa,Cá Bé Con #Pena1,Blitzcrank,vn,20,13,7,0.65,7.0,3.4,6.2,3.88,0.55,Katarina,0.71,10,4,4.21,Ashe,1.0,2,0,3.44,Lissandra,0.0,0,2,3.0,0.05,0.0,0.8,0.15,0.0,MID,ADC,0.8,0.15,Katarina,157.1,6.4,3.21,9.4,4.9,6.1,0.63,163,Rell,22.9,0.9,3.61,1.7,5.2,17.0,0.58,62,Viego,180.2,7,2.88,7.9,4.9,6.2,0.47,19,Lissandra,176.3,6.8,2.64,4.1,4.9,8.8,0.29,17,Braum,23.2,1,3.38,1.1,4.8,15.1,0.7,10,Taliyah,196.5,7.2,3.14,8.1,5.5,9.1,0.5,8,Nidalee,154.6,5.7,2.17,5.8,5.8,6.8,0.4,5,,,,,,,,,,,,,,,,Katarina,67,Yasuo,35,Riven,17,Lee Sin,16,Nidalee,16,Lucian,15,Master Yi,13,Kai'Sa,12,Thresh,12,Irelia,11,Rell,11,Zed,10,Darius,10,Garen,10,,0,,0
Ben10 #203,vn,"Wed, Dec 25, 2024 8:28 PM",Xerath,10,blue,0,15.55,3,3,0,1.00,0.6,0.27,99,6.4,2,Lê Quang Anh #Votri,Gnar,asffasssssssssss #2009,Elise,27 lay vo #real,Jinx,QWER 6789 #6789,Braum,AiZenis #2008,K'Sante,nimymu #1412,Viego,HiyoriShiina #F2005,Lissandra,The Batman #1088,Aphelios,heeeeeeheeeee #hehee,Pantheon,vn,20,13,7,0.65,7.0,3.4,6.2,3.88,0.55,Katarina,0.71,10,4,4.21,Ashe,1.0,2,0,3.44,Lissandra,0.0,0,2,3.0,0.05,0.0,0.8,0.15,0.0,MID,ADC,0.8,0.15,Katarina,157.1,6.4,3.21,9.4,4.9,6.1,0.63,163,Rell,22.9,0.9,3.61,1.7,5.2,17.0,0.58,62,Viego,180.2,7,2.88,7.9,4.9,6.2,0.47,19,Lissandra,176.3,6.8,2.64,4.1,4.9,8.8,0.29,17,Braum,23.2,1,3.38,1.1,4.8,15.1,0.7,10,Taliyah,196.5,7.2,3.14,8.1,5.5,9.1,0.5,8,Nidalee,154.6,5.7,2.17,5.8,5.8,6.8,0.4,5,,,,,,,,,,,,,,,,Katarina,67,Yasuo,35,Riven,17,Lee Sin,16,Nidalee,16,Lucian,15,Master Yi,13,Kai'Sa,12,Thresh,12,Irelia,11,Rell,11,Zed,10,Darius,10,Garen,10,,0,,0
Ben10 #203,vn,"Wed, Dec 25, 2024 7:59 PM",Lissandra,11,blue,0,16.35,1,2,1,1.00,0.25,0.89,101,6.2,2,dinkduk #0711,Graves,tung la tat ca #0910,Riven,QWER 6789 #6789,Ezreal,Annie Thủy #VN2,Neeko,Bé Mèo Viêm Họng #giamy,Gragas,nimymu #1412,Viego,Tâm Ma #99999,Zoe,dau long #hjn1,Twitch,heeeeeeheeeee #hehee,Milio,vn,20,13,7,0.65,7.0,3.4,6.2,3.88,0.55,Katarina,0.71,10,4,4.21,Ashe,1.0,2,0,3.44,Lissandra,0.0,0,2,3.0,0.05,0.0,0.8,0.15,0.0,MID,ADC,0.8,0.15,Katarina,157.1,6.4,3.21,9.4,4.9,6.1,0.63,163,Rell,22.9,0.9,3.61,1.7,5.2,17.0,0.58,62,Viego,180.2,7,2.88,7.9,4.9,6.2,0.47,19,Lissandra,176.3,6.8,2.64,4.1,4.9,8.8,0.29,17,Braum,23.2,1,3.38,1.1,4.8,15.1,0.7,10,Taliyah,196.5,7.2,3.14,8.1,5.5,9.1,0.5,8,Nidalee,154.6,5.7,2.17,5.8,5.8,6.8,0.4,5,,,,,,,,,,,,,,,,Katarina,67,Yasuo,35,Riven,17,Lee Sin,16,Nidalee,16,Lucian,15,Master Yi,13,Kai'Sa,12,Thresh,12,Irelia,11,Rell,11,Zed,10,Darius,10,Garen,10,,0,,0
Ben10 #203,vn,"Wed, Dec 25, 2024 7:30 PM",Katarina,16,blue,1,28.0,9,2,8,8.50,0.65,0.69,230,8.2,1,Emery #0101,Ambessa,nimymu #1412,Lee Sin,JungKook Ng #2003,Jinx,Kiến Con Cắt Lá #9376,Pyke,Hiper #1612,Jayce,heeeeeeheeeee #hehee,Nidalee,Xiee1 #0624,Ahri,dau long #hjn1,Ezreal,QWER 6789 #6789,Braum,vn,20,13,7,0.65,7.0,3.4,6.2,3.88,0.55,Katarina,0.71,10,4,4.21,Ashe,1.0,2,0,3.44,Lissandra,0.0,0,2,3.0,0.05,0.0,0.8,0.15,0.0,MID,ADC,0.8,0.15,Katarina,157.1,6.4,3.21,9.4,4.9,6.1,0.63,163,Rell,22.9,0.9,3.61,1.7,5.2,17.0,0.58,62,Viego,180.2,7,2.88,7.9,4.9,6.2,0.47,19,Lissandra,176.3,6.8,2.64,4.1,4.9,8.8,0.29,17,Braum,23.2,1,3.38,1.1,4.8,15.1,0.7,10,Taliyah,196.5,7.2,3.14,8.1,5.5,9.1,0.5,8,Nidalee,154.6,5.7,2.17,5.8,5.8,6.8,0.4,5,,,,,,,,,,,,,,,,Katarina,67,Yasuo,35,Riven,17,Lee Sin,16,Nidalee,16,Lucian,15,Master Yi,13,Kai'Sa,12,Thresh,12,Irelia,11,Rell,11,Zed,10,Darius,10,Garen,10,,0,,0
Ben10 #203,vn,"Wed, Dec 25, 2024 12:18 PM",Katarina,13,red,0,24.78,9,6,3,2.00,0.5,2.33,158,6.4,3,TCE Eddy #babyT,Ambessa,dur1ann #2004,Viego,zMiracle #1995,Twitch,nhirosesdomino #1909,Lulu,Mình Tao Cân ca #VN2,Cassiopeia,sao hạng a #2003,Bel'Veth,what in what out #once,Sylas,sepulchral #1v9,Kog'Maw,still be me #1301,Rakan,vn,20,13,7,0.65,7.0,3.4,6.2,3.88,0.55,Katarina,0.71,10,4,4.21,Ashe,1.0,2,0,3.44,Lissandra,0.0,0,2,3.0,0.05,0.0,0.8,0.15,0.0,MID,ADC,0.8,0.15,Katarina,157.1,6.4,3.21,9.4,4.9,6.1,0.63,163,Rell,22.9,0.9,3.61,1.7,5.2,17.0,0.58,62,Viego,180.2,7,2.88,7.9,4.9,6.2,0.47,19,Lissandra,176.3,6.8,2.64,4.1,4.9,8.8,0.29,17,Braum,23.2,1,3.38,1.1,4.8,15.1,0.7,10,Taliyah,196.5,7.2,3.14,8.1,5.5,9.1,0.5,8,Nidalee,154.6,5.7,2.17,5.8,5.8,6.8,0.4,5,,,,,,,,,,,,,,,,Katarina,67,Yasuo,35,Riven,17,Lee Sin,16,Nidalee,16,Lucian,15,Master Yi,13,Kai'Sa,12,Thresh,12,Irelia,11,Rell,11,Zed,10,Darius,10,Garen,10,,0,,0
Ben10 #203,vn,"Wed, Dec 25, 2024 11:28 AM",Katarina,17,blue,1,31.7,4,7,13,2.43,0.53,0.64,237,7.5,3,Đàn em Miyu #19o8,Camille,em bằng lòng ko #3 năm,Graves,Meadow #Bum,Nilah,Não Cá Sấu #thien,Lulu,Hạ Hạ #bé iu,Fiora,大好きです #baka1,Taliyah,Xin Hay Thu Tha #narab,Galio,KING #VCC,Caitlyn,deptraivuitinh #2311,Alistar,vn,20,13,7,0.65,7.0,3.4,6.2,3.88,0.55,Katarina,0.71,10,4,4.21,Ashe,1.0,2,0,3.44,Lissandra,0.0,0,2,3.0,0.05,0.0,0.8,0.15,0.0,MID,ADC,0.8,0.15,Katarina,157.1,6.4,3.21,9.4,4.9,6.1,0.63,163,Rell,22.9,0.9,3.61,1.7,5.2,17.0,0.58,62,Viego,180.2,7,2.88,7.9,4.9,6.2,0.47,19,Lissandra,176.3,6.8,2.64,4.1,4.9,8.8,0.29,17,Braum,23.2,1,3.38,1.1,4.8,15.1,0.7,10,Taliyah,196.5,7.2,3.14,8.1,5.5,9.1,0.5,8,Nidalee,154.6,5.7,2.17,5.8,5.8,6.8,0.4,5,,,,,,,,,,,,,,,,Katarina,67,Yasuo,35,Riven,17,Lee Sin,16,Nidalee,16,Lucian,15,Master Yi,13,Kai'Sa,12,Thresh,12,Irelia,11,Rell,11,Zed,10,Darius,10,Garen,10,,0,,0
Ben10 #203,vn,"Wed, Dec 25, 2024 10:45 AM",Katarina,17,red,1,27.92,22,4,3,6.25,0.53,4.56,203,7.3,3,Dr Tuấn An #KVH,Fiora,Anh Da Đen 08 o #VN2,Diana,ptptptptptptptpt #1234,Ashe,ehiu8tuoi #00001,Karma,Blessing1 #KYL,Ambessa,GG Soda dâu #2803,Viego,Duckk #2305,LeBlanc,Xinh Gái Cực #2307,Miss Fortune,NhấtBáiThiênĐịa #5389,Thresh,vn,20,13,7,0.65,7.0,3.4,6.2,3.88,0.55,Katarina,0.71,10,4,4.21,Ashe,1.0,2,0,3.44,Lissandra,0.0,0,2,3.0,0.05,0.0,0.8,0.15,0.0,MID,ADC,0.8,0.15,Katarina,157.1,6.4,3.21,9.4,4.9,6.1,0.63,163,Rell,22.9,0.9,3.61,1.7,5.2,17.0,0.58,62,Viego,180.2,7,2.88,7.9,4.9,6.2,0.47,19,Lissandra,176.3,6.8,2.64,4.1,4.9,8.8,0.29,17,Braum,23.2,1,3.38,1.1,4.8,15.1,0.7,10,Taliyah,196.5,7.2,3.14,8.1,5.5,9.1,0.5,8,Nidalee,154.6,5.7,2.17,5.8,5.8,6.8,0.4,5,,,,,,,,,,,,,,,,Katarina,67,Yasuo,35,Riven,17,Lee Sin,16,Nidalee,16,Lucian,15,Master Yi,13,Kai'Sa,12,Thresh,12,Irelia,11,Rell,11,Zed,10,Darius,10,Garen,10,,0,,0
Ben10 #203,vn,"Wed, Dec 25, 2024 10:02 AM",Katarina,15,blue,0,31.15,3,7,10,1.86,0.68,1.78,201,6.5,2,ShiinaMahiru #Inori,Akali,XercesBlue #2250,Pantheon,Giang Lư #7487,Jhin,Grayyy #4evr,Janna,Kuromi1 #パワー,Darius,Future Playcool #10608,Lee Sin,mien m dau kho #1702,Galio,63tiengiang #nam1,Kalista,Ngâm Sư Lân Lè #12021,Rell,vn,20,13,7,0.65,7.0,3.4,6.2,3.88,0.55,Katarina,0.71,10,4,4.21,Ashe,1.0,2,0,3.44,Lissandra,0.0,0,2,3.0,0.05,0.0,0.8,0.15,0.0,MID,ADC,0.8,0.15,Katarina,157.1,6.4,3.21,9.4,4.9,6.1,0.63,163,Rell,22.9,0.9,3.61,1.7,5.2,17.0,0.58,62,Viego,180.2,7,2.88,7.9,4.9,6.2,0.47,19,Lissandra,176.3,6.8,2.64,4.1,4.9,8.8,0.29,17,Braum,23.2,1,3.38,1.1,4.8,15.1,0.7,10,Taliyah,196.5,7.2,3.14,8.1,5.5,9.1,0.5,8,Nidalee,154.6,5.7,2.17,5.8,5.8,6.8,0.4,5,,,,,,,,,,,,,,,,Katarina,67,Yasuo,35,Riven,17,Lee Sin,16,Nidalee,16,Lucian,15,Master Yi,13,Kai'Sa,12,Thresh,12,Irelia,11,Rell,11,Zed,10,Darius,10,Garen,10,,0,,0
